COMPTROLLER,MARKET
0xceafd4e9cacc070af99cce086c27aeda837f8bd4,0x918368a637f6906002660cd6c5d3642d6cb6321c
0xceafd4e9cacc070af99cce086c27aeda837f8bd4,0x7243058b2ec3245c9455ab8012afe8e47369369d
0xeed247ba513a8d6f78be9318399f5ed1a4808f8e,0x0a2f8b6223eb7de26c810932cca488a4936cf391
0xdcfd3017a59adbc4eff7492ba416a0e4170cedfb,0xd917d67f9dd5fa3a193f1e076c8c636867a3571b
0xd5b649c7d27c13a2b80425daee8cb6023015dc6b,0x7fd87581d0eae4744a8625bffe909ffb3af52163
0x5a240f1a8ae87acf6f85a991e4a1315655c4d2e6,0xb684492c6cfc38ff1a4098e69034bf524a651c78
0x1a1e390f83962d3f0b38edb6fcfad27866204090,0x18282702eab368f92e8debe241d9c14abfe4d73c
0xbadac56c9aca307079e8b8fc699987aac89813ee,0xd5794ea7b269db3a0ccb396774cc2d0936ffbd86
0xd5b649c7d27c13a2b80425daee8cb6023015dc6b,0x2fda3af71967add50380c7a35799ec3a41209bce
0xc9fe91c452fa3f9329e5f20c5555ecf60ec71d52,0x8a9733cf8f7b60de75adf64f6ff37fb651bffdcd
0x49ea2c991290ca13f57ae2b8ca98bc6140925db3,0x1b55b52e2d069673716716833c3b32caee4c9bf8
0x7cc391b17a4e76f0eb96b5caef22d184708fb3b8,0x0866886701f3854cab0167ae1939d480877923ac
0x1bd3699f5ad7b130aaca5db53bd233350a22ea74,0xef142872e5b7befe6dbc02255f99ab05587d179b
0xc7d021bd813f3b4bb801a4361fbcf3703ed61716,0xfd69b5ad5cfaef73f2c900a5af4dff1942f9a760
0x7170d38b90f4b0d097e0a24174ad74fa42d07b81,0xcb1346cabde763af950b602a2f18fcd27d96e4c2
0x1a1e390f83962d3f0b38edb6fcfad27866204090,0x6f2b722599ea8c26748f9b964bc9d385ac4af866
0x1813554dc1f68cf54f71449db298daf9ab75f4f3,0x2ffcf622f5e1b330c6a5f9002bd5292bf36fb3d8
0xd5b649c7d27c13a2b80425daee8cb6023015dc6b,0xba7dabf931a23c334b8f6be15eb1e9425330e6b3
0x2ecb555c6906ca787b1c394f621f90b1563d4af7,0x9b997ec804e61eae8a1ade5a90dbc36c0b2d67c0
0x487ef86eb04b842285961c3d22d6e57adfcd2226,0x8be97df03a5df093b55ec7b62f7068bf47d0272b
0x1d019f2d14bdb81bab7ba4ec7e20868e669c32b1,0xc6db34086f4a657df7d0c9d6910cd51f13e82d31
0xeed247ba513a8d6f78be9318399f5ed1a4808f8e,0x20a6768f6aabf66b787985ec6ce0ebea6d7ad497
0x0319c359c828d2cd9e52a853559d76f9958cd771,0x6a0fb1a78443bf65974f2c1fbbe6a7f383da3210
0x08b55c9d3ae64e31fd220e362c301497c1810dc9,0xb1694478bb45aa505b94421b417aa273eea93c9d
0x3ac1b23cc9cbca0adc29e468f1d675546b52ddf0,0x96c08ea3f5fc5a44edcd86d1d0b0401e58fe7eea
0x822d5fd8aca011e3704d39958c5615d3a1e716cc,0x3b23492e295fa88b8fd24f88bab84dec2903d11c
0x77209f850058dd22d4817be260e76199417ccc41,0xe865243ea705cd6424bef3e7e76e39e696f2d13c
0x56f060101ea2f3f9a7a897ceffc75556902c0a69,0x0a48a7b013b6b757963a44c1128c5c1b10281337
0x49ea2c991290ca13f57ae2b8ca98bc6140925db3,0x593b3ef799b219d80dd8f0556d1aa8bc362fe48c
0x0f390559f258eb8591c8e31cf0905e97cf36ace2,0x8e15a22853a0a60a0fbb0d875055a8e66cff0235
0xd5b649c7d27c13a2b80425daee8cb6023015dc6b,0x70faf3509dc8320faffb40666d717224b26af0db
0xcaaa8db56b5520bbfdb6d29d4d2fc5d0edc57300,0x565c9ebd5083ca4c631ecf632bdab005ba4bde08
0xb7425ead67182048f137dbf1ecc1de4c43c9951a,0xfd91866dcca1059f02a73b583d3fe50eb1fef43f
0xceafd4e9cacc070af99cce086c27aeda837f8bd4,0x1e62ae624324df3d6b20781f4910c63a1319c97f
0x1813554dc1f68cf54f71449db298daf9ab75f4f3,0x180cc44d243aee35f8fc3f74276b56542fbd5ffa
0xaf4f39941e0729bcd5051f09e99badbb3c8b16ca,0x694b9ecc16d1236fd57e2ea86687ff27a24ff5d4
0xdbfd8efe61d2874058e1c939d1d4092037bc7291,0xd9d4ec2f26d1836ecb6580d7affa7dc2bc871bfb
0x92a62f8c4750d7fbdf9ee1db268d18169235117b,0x01c7068ea92d3da2a1dad145c96c0f9398be93f2
0x3886a3b02ce2df807c050724e3013a88514d2310,0xda2644c858ccc0aa455ad926318791ab43bed3e8
0x49ea2c991290ca13f57ae2b8ca98bc6140925db3,0xe9d91a3e4a0a929e9a34510d44dfd335f39e17cb
0x1bd3699f5ad7b130aaca5db53bd233350a22ea74,0x04a4d73a9f3ac030679680565208f68bf8735f1f
0x29548758476e43ee0d3519ea239bd6ad03ce8ef6,0x333543547713d405a41e1397ddc6da0958fcc662
0x0319c359c828d2cd9e52a853559d76f9958cd771,0x8b97e02042c3eec536093ee9e1bf43c12cc5b060
0x69ef8ac8a7bb4a406eca3a5f9d023814d199a565,0xa12a0521005876ce7173b3e187fa560692d02536
0x7aff90aefb8c1bce17b0a55dda037699eef73c0b,0x45319a5c6a481db3d66e7f65b48af2da5be8b2f1
0x3ac1b23cc9cbca0adc29e468f1d675546b52ddf0,0xa89708630d8c23de5cea4dc95e9907da0eff3e8d
0xee661fd1ffb460a4562475f044d6d2c7f12b8d49,0x0a01dc3cd6f86824333751ce03ce0ed21933256a
0xdd6c5707dee472af3b53ab120d03d455e6cc95f9,0x742132b299aec1c553be2f41fd16a53bb4877186
0xf4f9b60f2e588e72205bd4e214e773549925b96a,0x0cfc7890bd167703fb4942ee7c6cfe2a98e544a5
0xb7425ead67182048f137dbf1ecc1de4c43c9951a,0xe187772778a41a1754ab25134d9b88c353fb187a
0x92a62f8c4750d7fbdf9ee1db268d18169235117b,0xf81263eb84dfa118261cb9377f2c46ca04689e6e
0x77c2fb05826770e92d402ec8f32a4e8ce9e26cd9,0x110bb412fa63ddbafccfdf4fa84b8402e26cb75e
0xd5b649c7d27c13a2b80425daee8cb6023015dc6b,0x3631de81f1098df530015a97b092bdfff7e93ea8
0x84a57414910fbfe9f5503bfca2f1e31b6ad0981a,0x7e5b8ad8a110ec52c8a923a7c4accb0259638b74
0x3646bf53c17ebbe4ce5e389cd3c73bc818ff7e46,0x4c1c9604e1b962e2601639480dcb0a5bb7385ea6
0x7cc391b17a4e76f0eb96b5caef22d184708fb3b8,0xb5e02d64eec8e2a957332a8e9a2086b822636f52
0xd5b649c7d27c13a2b80425daee8cb6023015dc6b,0x70d27974441845811b36e9be0d3f43eb60c814a3
0x4054264c574984071d3397eac800dd09f0bd1438,0x3263ab99da81b6e770d9778af06c25e28f472627
0xa84b0cf008f84620f620c2da40c5ef1df4c1f5d5,0xb2b169e64088f44ce77127929fc308307f499a2f
0x88e92b4a33b94956c4c327e334b2d3aafa3d45fe,0x217e06c2c8e354d07177536a2da221beae17f1e0
0x32978daa16153fcf5a6bfaadc9c7cb2fc51b68ab,0x516361d37892cdfd6b26f4366cca89d33e06dcb4
0xca47e7f7606666f30564e767c185e952b5e902f7,0x4aea5899d74c7e0370fd1325bdb469936c8e5cd0
0x49ea2c991290ca13f57ae2b8ca98bc6140925db3,0xd0af14cee85b6612c02f75f35e90fe1f8e0fb2fd
0xf67ef5e77b350a81dcba5430bc8be876eda8d591,0x55e5f6e48fd4715e1c05b9dafa5cfd0b387425ee
0x3646bf53c17ebbe4ce5e389cd3c73bc818ff7e46,0x5bfd397c75997dd8361ba92aff1d7773f1da68f9
0x7aff90aefb8c1bce17b0a55dda037699eef73c0b,0x1cacd66d5f91d57d601fd1b232fbce5e08abd6fd
0x8f2354f9464514efdae441314b8325e97bf96cdc,0x5e3f2abaecb51a182f05b4b7c0f7a5da1942de90
0xbfc190f10a2b3142812710e4a69b0cce8437666e,0x59f7199c0fbbd1b87be5ef8adc85c0f38c5ea54e
0x6f173ca50731a1426c3396c5c1fe2f40f923b766,0xc2d0d2f80255361c6dac8d9f75533967d26769fc
0x8f2354f9464514efdae441314b8325e97bf96cdc,0xd2835b08795adfefa0c2009b294ae84b08c6a67e
0xc7d021bd813f3b4bb801a4361fbcf3703ed61716,0x4e07c8fe34445997835d90b855bce52eb2244364
0x08b55c9d3ae64e31fd220e362c301497c1810dc9,0x37c31ee0006cc402e164731c9dc109f71789e39b
0x29548758476e43ee0d3519ea239bd6ad03ce8ef6,0x0f2faa1b9e28cabe6d68855f66266037d2b395ef
0xbfc190f10a2b3142812710e4a69b0cce8437666e,0xfc6cec1ff5bcc8b02ec93ef2d42781d5a30da71a
0x601b38482243bf0c0ef3f26abb7993f933de88e2,0x2f3055d09aaf4bf7009fe13cafe4b2c999c72166
0x92a62f8c4750d7fbdf9ee1db268d18169235117b,0xd006e90a4a1abfc560999ba2c3b0b70aa6b1b2f4
0x92a62f8c4750d7fbdf9ee1db268d18169235117b,0x7a472988bd094a09f045120e78bb0cea44558b52
0xcd0c825106cf3067090b644652dabf298c6889ee,0x873f9b4cebf1c25bc09f3fc30155fa33226bcd2f
0xcd0c825106cf3067090b644652dabf298c6889ee,0xea9a17fe1714304487a0741c93cf24a5415fe118
0xcd0c825106cf3067090b644652dabf298c6889ee,0x18df409534477d1ef29b2c2f0179e4419da4f113
0x1a1e390f83962d3f0b38edb6fcfad27866204090,0xf14079213737c3cf3baca55918e757a6f2cad357
0x3c13b172bf8be5b873eb38553fec50f78c826284,0x0ddf298fb7fd115fddb714eb722f8be5dc238c78
0xaf8984f39eb725c567123ee6a522e0a7206cc9ff,0xd1033ff38d25ff5ec05eec311c911490f8001f85
0x1813554dc1f68cf54f71449db298daf9ab75f4f3,0xb8cc8ef4998796cc940d3c6c64104f990e5620b5
0x111a9ca1ed4883cf0cce8cb43d3acf9372be98d9,0x468b94d7924f1e2a8eb7d7e5e9d8d6545cbdc062
0x7dc7103be6f1c93085772a566d0f7d9512ae6f79,0x4fdb8f5fa0a615d3b1cf45be12481b272012e0e1
0xdd6c5707dee472af3b53ab120d03d455e6cc95f9,0xaf5ea1e8390df64f2eb0fc2968199e811b87ee4f
0xeed247ba513a8d6f78be9318399f5ed1a4808f8e,0x87d06b55e122a0d0217d9a4f85e983ac3d7a1c35
0x822d5fd8aca011e3704d39958c5615d3a1e716cc,0xdd5ae6c8d84ecc97785ae9f9dc2277d1c1b30675
0xd5b649c7d27c13a2b80425daee8cb6023015dc6b,0x660474510ec741368ad6a16f7731cbf03844396f
0x043263ca46230520fa2ba06a86e5c6f77464e81e,0xeaa4a2bfeb3b42aacf18e2fb2ea15c05ea438273
0xbebef25702c845aadee25dcf9a63d248c8fe5dac,0xb550462be98de226fd3db2e14ff118009ae4bd3f
0x44a03c14f30d49cb43b7f7e91e987ecc10cc0b09,0x6fb56bd3197360da748844ad072ed82dcbe72a8c
0xeed247ba513a8d6f78be9318399f5ed1a4808f8e,0xb287180147ef1a97cbfb07e2f1788b75df2f6299
0xdd6c5707dee472af3b53ab120d03d455e6cc95f9,0xd9322439df5b6bb2d53bc5607f97b956d814e65e
0xd0adcd27c2319da0c070324481d366d4f3c8fbe4,0xdb4b735a11694bebfac697d8189031419b902c19
0x66a3e782be81c5175171b695e56ae412b6966c15,0xf81263eb84dfa118261cb9377f2c46ca04689e6e
0xa3a2b235bf12331e8b6df33ccc5c10a9fe5b679b,0x924bc4eb0b930b60510926ff03c5af2a22f01c89
0xa86dd95c210dd186fa7639f93e4177e97d057576,0x79b6c5e1a7c0ad507e1db81ec7cf269062bab4eb
0x32ae7037a8f657e9a6adfd5f1590c800f5c8b36a,0x81c768f791767803f07e5e86bf6775bfdcf5e232
0x3886a3b02ce2df807c050724e3013a88514d2310,0x01c2a100717bce740887feb6b6bea3072eac80c9
0x66a3e782be81c5175171b695e56ae412b6966c15,0x7b571111daff9428f7563582242ed29e5949970e
0x0319c359c828d2cd9e52a853559d76f9958cd771,0x834832579f24972ccdbc5be23035a3882cd68428
0xd5b649c7d27c13a2b80425daee8cb6023015dc6b,0xd73ed2df40c7b671de0553b1f355ff46dd37bdd1
0xdd6c5707dee472af3b53ab120d03d455e6cc95f9,0xfb3135c79d3d62b9460a2ff950b10093f2026648
0x91c471053ba4697b13d62de1e850cc89ebe23633,0xcdca5f660f3a8b11b3660acbe96f87b266867741
0x1813554dc1f68cf54f71449db298daf9ab75f4f3,0x39d3c99f3b8b86c44aae49eadabab3b00f106fed
0x537a09fd99fc7ef737d297cdeeab3b7f9602308c,0x3ac58f8c51b2ac243d39396a4ecb44fa1856334c
0x08b55c9d3ae64e31fd220e362c301497c1810dc9,0x9c078092338c5a9f5d9fabcf772b3fc9f774c72f
0x08b55c9d3ae64e31fd220e362c301497c1810dc9,0x221a62cf0f20a70719c6749cfb4fddfa3f2fb05a
0x9766f97582452df92daaa030e28c1fdecb2671a7,0xca6a99da640633e73eec099c20d762a0d0a80d4d
0xa22a3dad6fd8bd35ffe0ad5433ef219406ff7b51,0x718356a8ee2487f5e87c5790b56e6b1148150540
0xeed247ba513a8d6f78be9318399f5ed1a4808f8e,0x0706905b2b21574defcf00b5fc48068995fcdcdf
0x3c13b172bf8be5b873eb38553fec50f78c826284,0x92f6aa3d3d4b46f5e99a26984b4112c7faa0c96c
0x7d9529ad4a50c36a544aa4aaec16e781dfa52a43,0xc5ad5815c6d1bb325de92e6daf4a568e9eb6ec76
0x66a3e782be81c5175171b695e56ae412b6966c15,0xc9c043a7f80258d492121d2f34e829eb6517eb17
0x2d6f21b68f8c56a86d25b4a80857c32322b2f63d,0xadc482c4c58480174f9da020019de3894aeece11
0x487ef86eb04b842285961c3d22d6e57adfcd2226,0xb0000965ae6a11925620258e553fd18fd3a686a0
0xdd6c5707dee472af3b53ab120d03d455e6cc95f9,0xf2688e5abd6e0f8524413c8f866825687b5fb482
0x84a57414910fbfe9f5503bfca2f1e31b6ad0981a,0x163097f64b514accc63f58aea4abce7620c94c8e
0xd3a8ed9cf0ef1bd677c6ae7a2178837bed35aebd,0xf292a26b752d1a013dccf0b1febef2de251d3a4c
0x4c29d5a7bc19742b5dc7dd66508ddc73d7094ba8,0xa84bc6717644b43a4893e0863d60e5857d3dad11
0xaf8984f39eb725c567123ee6a522e0a7206cc9ff,0x3a736ebbe57248ab6d7df5c35cc7e5a7141cd9b9
0xbfc190f10a2b3142812710e4a69b0cce8437666e,0xa683621c5445d351cb56d24a5bc64e9a9b1903e4
0x1b6200257c14b8b3bb876b8f36d535239e83ce27,0xa1bbd8a5b8ec32fe0d7f58056a83c746d1ce2d1e
0xc9fe91c452fa3f9329e5f20c5555ecf60ec71d52,0x72e28688614ab71aafd8b31da28e1acb44549478
0xd5b649c7d27c13a2b80425daee8cb6023015dc6b,0x82015cfee29e3697afcb6dfdce59dc07ed33eb20
0x831f5eb0de404fa648211785c7399d1c2f4ae91c,0x88b90cd8b6a0a378d20ab8ce0869979a6a55b994
0x56f060101ea2f3f9a7a897ceffc75556902c0a69,0xe27165c16ef606a5d1767af558a7aea58d15e443
0x3c13b172bf8be5b873eb38553fec50f78c826284,0x5447ab7e7987af871f6558b6398529806ef21eaf
0x77209f850058dd22d4817be260e76199417ccc41,0x9ab83ae5eb846e2002a4d1ac877916bb14353c7d
0x5ada4f2951d6bdc644605ff7241354c85ac5b7b1,0x3360aff0299de90afdd6923df423ff4e3e32de76
0xcd0c825106cf3067090b644652dabf298c6889ee,0xf3bab7576b7b17af9104e8c21f20d528fd59fceb
0xeed247ba513a8d6f78be9318399f5ed1a4808f8e,0x80aefb7dade25542cc2f558ee605ac2fc974ceb9
0x66a3e782be81c5175171b695e56ae412b6966c15,0x01c7068ea92d3da2a1dad145c96c0f9398be93f2
0x537a09fd99fc7ef737d297cdeeab3b7f9602308c,0x19c405d41555eaacbc2f36f9fe78026852a56251
0x9f750cf10034f3d7a18221aec0bddab7fc6f32ba,0x12d6902da9a3db223f0befd5522e7edad5368318
0xbebef25702c845aadee25dcf9a63d248c8fe5dac,0x4aed8553cf788f4e241c34a7ab72b166dfce729b
0xf4f9b60f2e588e72205bd4e214e773549925b96a,0x22897f845818eb872e0ffc6ed7050f970aaa73d0
0x66a3e782be81c5175171b695e56ae412b6966c15,0x7a472988bd094a09f045120e78bb0cea44558b52
0x537a09fd99fc7ef737d297cdeeab3b7f9602308c,0xf4ee775391ce1604c91262933c6454505f449da3
0x92a62f8c4750d7fbdf9ee1db268d18169235117b,0x7b571111daff9428f7563582242ed29e5949970e
0x9766f97582452df92daaa030e28c1fdecb2671a7,0x14df3841303a301b3bae86fb290b90dc6a791d16
0xca47e7f7606666f30564e767c185e952b5e902f7,0xf282e5467b8e97ed5cb7dbb4307b98023a22e66e
0xdd6c5707dee472af3b53ab120d03d455e6cc95f9,0xbaa8dba47514698008be48f8d329e2b9f3876cb9
0x69ef8ac8a7bb4a406eca3a5f9d023814d199a565,0x933083ec45884e251e8a1fbfda2c8c42a5c1a2f3
0xeed247ba513a8d6f78be9318399f5ed1a4808f8e,0xb5dbdb01b08bff12e822eb28259ecceb6cc91529
0x84a57414910fbfe9f5503bfca2f1e31b6ad0981a,0xe1061fc8b520a09f432e5bbabb5f3f76315bceaa
0x3886a3b02ce2df807c050724e3013a88514d2310,0xa10a4d83966cbc9bde651ac4a42fb9074f2d617a
0x0319c359c828d2cd9e52a853559d76f9958cd771,0xc6b7a24d1d7f5c84ef224505878de751e7949118
0x9766f97582452df92daaa030e28c1fdecb2671a7,0x00982c1980052b65b01a3e8973a6b0156cde936b
0xad5e9bd80750fa446dde26a63e8cbcdbf69e2c9f,0x275bf32610908c2e5dd16f6a22125e0da7ed665a
0x88e92b4a33b94956c4c327e334b2d3aafa3d45fe,0x92858afa95c18bfb2f629c20ff7ef30d40870386
0x60437fee4ddbda6e47955b6255e312f1ed067033,0x75095636cd74fdda8bc36a2bdc455489c86b30bf
0x3646bf53c17ebbe4ce5e389cd3c73bc818ff7e46,0x7a8c075b03fa958d68785c9fc113101227b926b8
0x111a9ca1ed4883cf0cce8cb43d3acf9372be98d9,0xd8d6e3beb93c3536ad7784e60ece49de257ce5cb
0x3c13b172bf8be5b873eb38553fec50f78c826284,0xce8fa238383bc3036abe3410d7d630c7692eb6d7
0xb7425ead67182048f137dbf1ecc1de4c43c9951a,0x6dc2c4c39061ed27d183fe40925a3b5ec67a3ab4
0x44a03c14f30d49cb43b7f7e91e987ecc10cc0b09,0xc5431be989e74b526515ee0e8adb9bb5531a757e
0xb33424088dfc99d69a3497808dc4992e3da96461,0xea7f05f11e48ab557d779df47e7b48e28dc22799
0x0bb220fea7928a97aef0996788d2f26d8cc0aeaa,0x13c84c2e5850562d1aa3b03758ce11c3c9c2f3a5
0xb05c42e2dee393ef96bdcdcc7fe69039ea625b92,0x28478972f5b375fc95054a5db2c6c59531fb1801
0x88e92b4a33b94956c4c327e334b2d3aafa3d45fe,0xf72e8e9418a2adf4b85113b20abcfd3383e27bbb
0x3cc835a1ac51284f2e01c23d090dbb2340ed005a,0xb0c608828a5cf33d34710d505ddee8120adf4b90
0x068134c0916583787320bdaf4381509e83990499,0xbf0091afe5f21907b59ce31f1288cfd9e43cbaf6
0xa973821e201b2c398063ac9c9b6b011d6fe5dfa3,0xef25968ecc2f13b6272a37312a409d429def70ab
0x068134c0916583787320bdaf4381509e83990499,0xb8a1c351347e38d20912609ac43d1f193b6e9a50
0xbfc190f10a2b3142812710e4a69b0cce8437666e,0xf6fe3cd7b2618b544a6a79ef1bedd1ca37194625
0x1813554dc1f68cf54f71449db298daf9ab75f4f3,0xea4d2ff197fdf5d74554c17acb720b9fa25d7cb7
0xa973821e201b2c398063ac9c9b6b011d6fe5dfa3,0xdfd276a2460edb150de2622f2d947eea21c3ee48
0xc8a1466cd9f2d6401675e06b9905357f564811ba,0x2fd4fe4c1b1f9b35069c2987c5c27b95fa1cafa6
0xdcfd3017a59adbc4eff7492ba416a0e4170cedfb,0x629d3fed84c1a4c2f9afa5ae54219aee69f3701f
0x2ecb555c6906ca787b1c394f621f90b1563d4af7,0x39088fb5315d551645e44c04c894a84bc0472349
0xaa87715e858b482931eb2f6f92e504571588390b,0x3393cd223f59f32cc0cc845de938472595ca48a1
0x91c471053ba4697b13d62de1e850cc89ebe23633,0x00465e9b9abf6fbf7400e7aef1820249c9f24afb
0x49ea2c991290ca13f57ae2b8ca98bc6140925db3,0xa2f156bc04329f9d0c71804a5b56f130674f44c9
0xaf8984f39eb725c567123ee6a522e0a7206cc9ff,0x9d8b2f99b6aedbf31f7657656c075db72614f7b7
0xaf8984f39eb725c567123ee6a522e0a7206cc9ff,0xf9cb4f1ba12364d77cf1fe2f9b98c81c89147982
0x5f074281bc6f1a369a24dbb53bb0b1e7583150ff,0x6db44e90f9a64fef112630b5cc00691a653c7e08
0x1bd3699f5ad7b130aaca5db53bd233350a22ea74,0x3faa95992bea933f3a5e7bba2602886425cbda76
0xc7d021bd813f3b4bb801a4361fbcf3703ed61716,0xe0d7fb6039e4156a358cb0ead31a706b1caeff06
0x51aa3f5ef84c83ac9978e1be5ace98fa38043c92,0xacef06808fecc659dd2128a872832b1b93b951f0
0x49ea2c991290ca13f57ae2b8ca98bc6140925db3,0x27ce5a4a632a0a835d7569e1c2ae7b5aa183d6b0
0x0f733bdbb2b2f791bbb10d74d60f05c41ccd97f5,0xb8b66de2abd0141ba17f09265b42501a1c826571
0xe656044c6922c7ce55a2b25b8a8db5f0858cfcd8,0x9a9cb1b59664ad99ce8b0c13eae6aa4e175eb6d1
0x5a240f1a8ae87acf6f85a991e4a1315655c4d2e6,0x2e3cb6b9b5eeff0b31678d0a90febb242e682c2f
0x84a57414910fbfe9f5503bfca2f1e31b6ad0981a,0x7a0766e8540c15b8de6966cd5cbcc2372a21faf8
0x537a09fd99fc7ef737d297cdeeab3b7f9602308c,0xd34f202c536b96c488a4b4c154bcb10a0d134e62
0xeed247ba513a8d6f78be9318399f5ed1a4808f8e,0x8b44d3d286c64c8aaa5d445cfabf7a6f4e2b3a71
0x94369dc4c3d84a1b6208faf5175d33b0f8d11004,0x0c14b28a6ae5cd9d46ae5adabd8dbd57e38b425b
0xbadac56c9aca307079e8b8fc699987aac89813ee,0x5eb35daf9ef97e9e8cc33c486bad884a62cae9ce
0xa3a2b235bf12331e8b6df33ccc5c10a9fe5b679b,0x57ea10d1c8ac4036082ac01da91ba8269135fe2a
0x51aa3f5ef84c83ac9978e1be5ace98fa38043c92,0xb822082ecbeeb646830144daadb87064e7690bc7
0x91c471053ba4697b13d62de1e850cc89ebe23633,0xf33bb5954db799564ecce0afa4fa6b3965dd13c8
0x5ada4f2951d6bdc644605ff7241354c85ac5b7b1,0xeccaeca08a6ad9d96a782b65c5e7f9834a5126c3
0xd5b649c7d27c13a2b80425daee8cb6023015dc6b,0xc7dec270bffc808458dcf687a378958afe7494ea
0xe4585064531fc0ddac7edca41a3fc5ab92f95cc4,0xeb1f76d2e18b99a3a473880c8905e90041c783b4
0x2ecb555c6906ca787b1c394f621f90b1563d4af7,0x71a57dd33b9fd966fd7c1d9cc94c413d9611b8ae
0x487ef86eb04b842285961c3d22d6e57adfcd2226,0xd6fd4615217a0fcc0510fbd2274840070e4a9002
0x1813554dc1f68cf54f71449db298daf9ab75f4f3,0xa26e01bf45bf31c52daf1a6c6b3192bc611f64a6
0x895879b2c1fbb6ccfcd101f2d3f3c76363664f92,0xf146c26136c1f80c9f0967d27bcb7e500d45681f
0xd5b649c7d27c13a2b80425daee8cb6023015dc6b,0xdac3b16d35bcdc3d135633a5d2e0d0d114070a29
0x803ae284a3c50bf7a71a16eaf6c3c6c764d2abfb,0xda1dab6ddddb7ac35dedc566efdb556e50aaf5ce
0x88e92b4a33b94956c4c327e334b2d3aafa3d45fe,0xecc057ece23bd374e74133b98664e2c5d4aacf7e
0x88e92b4a33b94956c4c327e334b2d3aafa3d45fe,0x62c83753d2d216a34b1137e619fa3368925ed097
0xc8a1466cd9f2d6401675e06b9905357f564811ba,0x58217192105f01e3bc677ffd0a30329890b26e0d
0x185fa7d0e7d8a4fe7e09eb9df68b549c660e1116,0xd2c609d5e14a3f8a21a81768cbb6c94f259b1284
0xcd0c825106cf3067090b644652dabf298c6889ee,0x6029f85e1404e07adafa38f33986b43a4ce93f70
0xdbfd8efe61d2874058e1c939d1d4092037bc7291,0xf93bcdc51a55aa04378a212a2037a414f38a03b3
0xa86dd95c210dd186fa7639f93e4177e97d057576,0x4987782da9a63bc3abace48648b15546d821c720
0x2d6f21b68f8c56a86d25b4a80857c32322b2f63d,0x5ec9a72e2987ce907ad78724e83927d8c66a4555
0x1a1e390f83962d3f0b38edb6fcfad27866204090,0xdb06d7ba9760589aa80f478701a6525e70016d70
0x7cc391b17a4e76f0eb96b5caef22d184708fb3b8,0xcba28bd351e5a66f1372c61ad54982ee691c8a0e
0x8f2354f9464514efdae441314b8325e97bf96cdc,0xc33ccf8d387db5e84de13496e40dd83934f3251b
0xf67ef5e77b350a81dcba5430bc8be876eda8d591,0xdc17ee4ef70317433d8083da696e63b46721b6b9
0x1813554dc1f68cf54f71449db298daf9ab75f4f3,0x453ef23465a6b58cbcf99520636ec56bd8832db7
0xa3a2b235bf12331e8b6df33ccc5c10a9fe5b679b,0x9f52266576bb6f7880103f801cde39ec0951072b
0xc8a1466cd9f2d6401675e06b9905357f564811ba,0xe514c8b357e49efa24e648bba45c7c5978bd59f9
0x5ada4f2951d6bdc644605ff7241354c85ac5b7b1,0x423db304e318693eb14c891b104acb3af35fc69f
0x1a1e390f83962d3f0b38edb6fcfad27866204090,0xf823231de6a22dc9be8ba3b1fd7ff70585100ced
0xbebef25702c845aadee25dcf9a63d248c8fe5dac,0xdfdb77841fd623aec83d74df94e82dd073efcfb1
0x9f750cf10034f3d7a18221aec0bddab7fc6f32ba,0x685d1f1a83ff64e75fe882e7818e4ad9173342ca
0xe4585064531fc0ddac7edca41a3fc5ab92f95cc4,0x6ef521d1516dced52b08587ad91fa49d98382478
0x60437fee4ddbda6e47955b6255e312f1ed067033,0x75f62231ce89918b1f463728d77a2b9e89956ae0
0x9f750cf10034f3d7a18221aec0bddab7fc6f32ba,0x974039743f5ed308aabdec000097293f69979721
0x117e3f342886e18674e50ea88633f9be11273520,0x668791fbbd01c77cf71d437d3ede173af78f4e2c
0x537a09fd99fc7ef737d297cdeeab3b7f9602308c,0x39d0bf4dd681b36817925798282405d35d4bd9e7
0xc8a1466cd9f2d6401675e06b9905357f564811ba,0xc9213ef74067ad5d6a3cddb2229d332598e97d62
0x537a09fd99fc7ef737d297cdeeab3b7f9602308c,0x85215af33a8be3dff5c6fdb8d2e08863b95d99ae
0x2ecb555c6906ca787b1c394f621f90b1563d4af7,0xf59da49d4101a3178eaff53b17311a569325e321
0x2c23cfbaf486018688d9636097e4c7b070461990,0x812b78fee500ba596e40b315ffd966a75270291e
0x7cc391b17a4e76f0eb96b5caef22d184708fb3b8,0x76b521c7a859ff60823a7a3aa17619010e405a46
0x0f390559f258eb8591c8e31cf0905e97cf36ace2,0xfcd8570ad81e6c77b8d252bebeba62ed980bd64d
0xdd6c5707dee472af3b53ab120d03d455e6cc95f9,0x3f7f2a5a62e41b28c97425828132890757d2ef0e
0x84a57414910fbfe9f5503bfca2f1e31b6ad0981a,0xb095958fef28be53beb7fbf88a0c9abbfc422111
0x612689f1ea5cc1925c47c7a339530ae6c05106b4,0x830e318282fad687faf2f5f4541eca7281f5f3b3
0xd5b649c7d27c13a2b80425daee8cb6023015dc6b,0x8e9027803d0f448dd96dd73069c35b0641151b07
0x7892c7ee7981d2c5e34ff8b0252493b64d84483a,0x4438bd464d0be4c5110788df6c95664ebab6f83d
0x84a57414910fbfe9f5503bfca2f1e31b6ad0981a,0x7e1a4fe81309393590715ca358c251206642e946
0xaf4f39941e0729bcd5051f09e99badbb3c8b16ca,0xba31b2fddaeebd63ebeb077d034d0abefc9e6b6c
0xf4f9b60f2e588e72205bd4e214e773549925b96a,0xc2eed50085e9e81fe891836c6061189ca5e24423
0x06cf44fa5e40c65fc87d4f55f66125b6d849b125,0xd9444bab79720e8223b83e5d913d00c679b44b65
0x92a62f8c4750d7fbdf9ee1db268d18169235117b,0x2d5a5306e6cd7133ae576eb5edb2128d79d11a88
0x185fa7d0e7d8a4fe7e09eb9df68b549c660e1116,0xf455e6fdc3d716b03ec515efd93190008372f5fa
0x8f2354f9464514efdae441314b8325e97bf96cdc,0x25e6267c8a6f0a9b705b7dd9971196711765e0b8
0xd5b649c7d27c13a2b80425daee8cb6023015dc6b,0xb5dc005d89d0b4d0bc4a9459c7f77a403e9bfeea
0xd5b649c7d27c13a2b80425daee8cb6023015dc6b,0x8153303f72ab12f13180c946723bcacae05a4c4a
0x1b6200257c14b8b3bb876b8f36d535239e83ce27,0x1a70323b4fbad57eeaaa7ec160d2525517c0767f
0x84a57414910fbfe9f5503bfca2f1e31b6ad0981a,0xb746493966a5fcf45cb513caae4e54cd5247b983
0x117e3f342886e18674e50ea88633f9be11273520,0x556a7a7f53773446928f4b0bfd5721cc1f9c6c45
0x5a240f1a8ae87acf6f85a991e4a1315655c4d2e6,0x19401ed7f5996a887fa811823a8ccf860892a151
0x05c1f71d81846fddd9842eabb8d6286bdc1b812a,0x3f491b62f7e1a3634c3b4ef4a441371d31f8dc77
0xb7425ead67182048f137dbf1ecc1de4c43c9951a,0x45d34eb5012c0f3041c9de3a6bfda1a159798ab1
0xa86dd95c210dd186fa7639f93e4177e97d057576,0xea0a73c17323d1a9457d722f10e7bab22dc0cb83
0x62469136587a06c41f1669e0a385881d6341ba6e,0xdc9e748da17d5adcd721994084abfba052bfa552
0x84a57414910fbfe9f5503bfca2f1e31b6ad0981a,0x568c81dfa11b670abd973b7207efb41c795ea40e
0xb7425ead67182048f137dbf1ecc1de4c43c9951a,0xb6de9770ed6f7fb99c04728114465c63349f9b5c
0x2ecb555c6906ca787b1c394f621f90b1563d4af7,0x11a8f14832f60720718181feab801921213bc44d
0x803ae284a3c50bf7a71a16eaf6c3c6c764d2abfb,0x10f4c816b1f2610d081338bce783b4ef1fb24914
0x1d019f2d14bdb81bab7ba4ec7e20868e669c32b1,0x0ac8003fd855f8b5bc3738cbedfda5211629ab7d
0x5f074281bc6f1a369a24dbb53bb0b1e7583150ff,0xee92001a8ae1c9df3eea043df1d6ecf256b1b930
0x29548758476e43ee0d3519ea239bd6ad03ce8ef6,0x22814e91da2e1aebb122b1fa4a3b0095b3c6d0b9
0x5a240f1a8ae87acf6f85a991e4a1315655c4d2e6,0x03f3a5bfd6583fd23d57db935742fb8e8ff96838
0x043263ca46230520fa2ba06a86e5c6f77464e81e,0xe850a5ff25242fef0af88251a838cbf6b221cb41
0xd5b649c7d27c13a2b80425daee8cb6023015dc6b,0x19714ee460f9d030e310bf1730b5172f5b50ab5f
0x898c269e6cc30bd9643f5b7db549c3e3535f7b0d,0xf5f133da281b06a5473386ad487a9f1a43c3932f
0xaf8984f39eb725c567123ee6a522e0a7206cc9ff,0x75b37e574d4c324bc8d3f28ea93e138ea296b3f1
0x1b6200257c14b8b3bb876b8f36d535239e83ce27,0xb59b4c6015b20d8076f912c79aebfcac441d4ee2
0xb88819b96640c465910a929550cd196c8172ce57,0x83d005117fd6588083b9aec2192eac3053dc9054
0x185fa7d0e7d8a4fe7e09eb9df68b549c660e1116,0x14334aeec3ce1dcfccb822171afd9a3f47b1b229
0xeed247ba513a8d6f78be9318399f5ed1a4808f8e,0xe4843e44342617024f6b9d615dffbe8858f8ea16
0x7892c7ee7981d2c5e34ff8b0252493b64d84483a,0x209d24e1645f336ee333d74c4bc9d60285992675
0x69b65da14e4cc4466fc121fcb18106e774a11e07,0xceb37ff30298e18f9aa9343b4c5446885e5a3b43
0xc7d021bd813f3b4bb801a4361fbcf3703ed61716,0x118086ee59a8e16ba4c561caff98e4925c164ca5
0xc8a1466cd9f2d6401675e06b9905357f564811ba,0x6f9157febec79114218d63f7f8a494f73d701ad3
0xaeae92590cda2f5e61f6007a8e083a42dc578230,0xdbc82b074fd5f750549ff398d0e213c36dd1639b
0x49ea2c991290ca13f57ae2b8ca98bc6140925db3,0x5722ca3ef27bffea564d7deabb49aa626de9b7a3
0x4054264c574984071d3397eac800dd09f0bd1438,0x4b8595b3c7ca9960325595e677f6d5316db4f6fa
0x3886a3b02ce2df807c050724e3013a88514d2310,0xaeb1acebfbe228837d979f9d3addca9eefd3932b
0x49ea2c991290ca13f57ae2b8ca98bc6140925db3,0xb1087a450373bb26bcf1a18e788269bde9c8fc85
0xe4585064531fc0ddac7edca41a3fc5ab92f95cc4,0x5475c64b8030fb33dd1564deaaef2bc6c65c58b8
0xe4585064531fc0ddac7edca41a3fc5ab92f95cc4,0x554dc99527cb6629e03dcca3a7f6b7ac8338ee1b
0x7dc7103be6f1c93085772a566d0f7d9512ae6f79,0x16532878a7ddd2658354b2e213a78cf215a16b20
0xc8a1466cd9f2d6401675e06b9905357f564811ba,0x1354e9941127accbd22ea70527da528bf5e24859
0xd5b649c7d27c13a2b80425daee8cb6023015dc6b,0xa9958d6a3ec9604507f6f99f402103eaa2cae784
0xaf8984f39eb725c567123ee6a522e0a7206cc9ff,0xd232dc8c6fc29b24b4f6a12c9d43e3905d70ef0a
0x63fc70773e18dfcef6a671417ff0d8e9c3b9ee7e,0x118931b97109298a8dbb1b52e4b5a5c402d07dd1
0x08b55c9d3ae64e31fd220e362c301497c1810dc9,0x31cc3aedaaf8956f75868e2be641ef3660d05e4b
0xa3a2b235bf12331e8b6df33ccc5c10a9fe5b679b,0x49619294a8f3a1fd6f64ef132074a92189304133
0x3646bf53c17ebbe4ce5e389cd3c73bc818ff7e46,0x3704caed7d1d048e6a1b7fa303c0cabcde722bd8
0x5f074281bc6f1a369a24dbb53bb0b1e7583150ff,0x30ede4aee143878ebd904fe7ba8b61d0308267b1
0x3c13b172bf8be5b873eb38553fec50f78c826284,0xee707b0d399931ae890ec3dfa1dc00e5eaa8137b
0x49ea2c991290ca13f57ae2b8ca98bc6140925db3,0x0920becbc26a84444efad02137f8c14d22332d5d
0xc8a1466cd9f2d6401675e06b9905357f564811ba,0x8f27ce5e5b449ff37f3f7aa2b406c286e013e183
0x2ecb555c6906ca787b1c394f621f90b1563d4af7,0xf5b414b99afb05f03180536cba54cacd505b4b9f
0xc8a1466cd9f2d6401675e06b9905357f564811ba,0x6d325cd5ed16b682a7655942db69b9c00b904e59
0xf67ef5e77b350a81dcba5430bc8be876eda8d591,0x541a9133c24bfab3bd55742b1f16b507b1fbbf44
0xf4f9b60f2e588e72205bd4e214e773549925b96a,0x78c87945e3ec5d23377a3ac87674f313c87e8fa8
0x32ae7037a8f657e9a6adfd5f1590c800f5c8b36a,0x52de70c0bec742219a50816859fa8ba069b30509
0xcaaa8db56b5520bbfdb6d29d4d2fc5d0edc57300,0x4d484f6c24b59b21aeef853c3b719168b53a2992
0x08b55c9d3ae64e31fd220e362c301497c1810dc9,0x67dfa228724253b78a5bb25453749f1f1bcbab6f
0x3c13b172bf8be5b873eb38553fec50f78c826284,0x67f80420e7cfeb97af64fb144e722e7dddd63868
0x043263ca46230520fa2ba06a86e5c6f77464e81e,0xdd21fd9dbbc81a0194895da7ee604d077ec6c183
0xc8a1466cd9f2d6401675e06b9905357f564811ba,0x2afdc31d412bdd6c1a0b6cc134e5f5393126db43
0x60437fee4ddbda6e47955b6255e312f1ed067033,0x29d4cf28db3f978591f9868006bd3c5d2f36801f
0x84a57414910fbfe9f5503bfca2f1e31b6ad0981a,0xa5b876e903c5151db70515f3a5cab987484f5e2b
0x8f2354f9464514efdae441314b8325e97bf96cdc,0x7a668f56affd511ffc83c31666850eae9fd5bcc8
0x60437fee4ddbda6e47955b6255e312f1ed067033,0x3fd112f5c6648dd3832722099d034c9bdb0798bd
0x5ada4f2951d6bdc644605ff7241354c85ac5b7b1,0x03fced65cdde966555db96bf2a5e9a97564dbe05
0x9766f97582452df92daaa030e28c1fdecb2671a7,0x8bf32ce68332bafc8daca1f91c051614557e778a
0x32ae7037a8f657e9a6adfd5f1590c800f5c8b36a,0xf4c9480f01d855915e73920c0d92dee847babf63
0x60437fee4ddbda6e47955b6255e312f1ed067033,0x29da692e5c3d4ea1b9fc0eb5a2cb9303cd8bab66
0x831f5eb0de404fa648211785c7399d1c2f4ae91c,0x27f7d1da2a52f2d3c89009a0298bf5f389984e89
0x84a57414910fbfe9f5503bfca2f1e31b6ad0981a,0x4c250ec4858b32aa0e11e199c55922e63f41af12
0xd5b649c7d27c13a2b80425daee8cb6023015dc6b,0xccb8da4ffc616060d7594250d19997fb2e98aa15
0xd5b649c7d27c13a2b80425daee8cb6023015dc6b,0xa7ad08399bce6dd0f7110d88cc6303f9561acd48
0x9766f97582452df92daaa030e28c1fdecb2671a7,0x423416bf425503bc3208fdf623e1cf57cd4ae7b1
0xc8a1466cd9f2d6401675e06b9905357f564811ba,0x315d516055aaf15b838b21ab192fc363a35b49d4
0x7cc391b17a4e76f0eb96b5caef22d184708fb3b8,0x3da22470729c63a0b0f90c5344fc7f7be03279c5
0x51aa3f5ef84c83ac9978e1be5ace98fa38043c92,0x139f9b62a19981c2be26b72c8431202b63252fa6
0x043263ca46230520fa2ba06a86e5c6f77464e81e,0x24ce2fcbdea099bc437f04722835db0496a9c0bc
0xae56bf4b590c5a87ee88e4ef5fc5c861a2b05591,0x00fe8ed52bffb18a7e8c88b94e0f36719e3f60cb
0x8f2354f9464514efdae441314b8325e97bf96cdc,0x5ffa22244d8273d899b6c20cec12a88a7cd9e460
0xdcfd3017a59adbc4eff7492ba416a0e4170cedfb,0xc9c043a7f80258d492121d2f34e829eb6517eb17
0x84a57414910fbfe9f5503bfca2f1e31b6ad0981a,0x0c86431ae134fd8da5208c1ba61e4d42c7e395be
0xaf8984f39eb725c567123ee6a522e0a7206cc9ff,0x48c39359173a1e2e2da6e7e200e4d0adf29a0234
0xb33424088dfc99d69a3497808dc4992e3da96461,0xac63ff3ffc9becc1ca16b5477cf6d5ecf164015e
0x9766f97582452df92daaa030e28c1fdecb2671a7,0xaeafd69954b3e52d109ba6fcaef1b01ca8dbd56a
0x18579b566019f85654c59c3b802d6e8f3b178b7b,0xe5953a595fc30e84bd7bd74b03b789987e1b74b8
0xd5b649c7d27c13a2b80425daee8cb6023015dc6b,0x679818bed06eb59a75b775f7384e654a1bbbe205
0xa84b0cf008f84620f620c2da40c5ef1df4c1f5d5,0x715170c16f224fb8d41575104fff72aa58ef4e61
0x66a1b44fe64fc92a9251b6180bc76e4609bb0fb6,0x4b8ddf4570e163023b471c39595bf6de5997588b
0x60437fee4ddbda6e47955b6255e312f1ed067033,0x8abc4876bc288d0eeca9bdf74434a96f2ebb72dc
0x1b6200257c14b8b3bb876b8f36d535239e83ce27,0x6ab693dc4c4a52c063934b861dc64977783a40d7
0x9f750cf10034f3d7a18221aec0bddab7fc6f32ba,0xc7e36d659c14e4d66b6e39d4c6b448f22d858ee3
0x068134c0916583787320bdaf4381509e83990499,0x118c6fe960ed8bb50d722a0323bd676f2d1c3f40
0x0319c359c828d2cd9e52a853559d76f9958cd771,0xd49c6692b2912d75cd4a7f2eb192f38cc5012e38
0x537a09fd99fc7ef737d297cdeeab3b7f9602308c,0x775a6e769a35b3125d449c2962f17e90ba4eb879
0x3886a3b02ce2df807c050724e3013a88514d2310,0x2e2a60696aea08ab1608e00e5783e5b38ec68097
0xb33424088dfc99d69a3497808dc4992e3da96461,0x28bc4c996295d92ad6f15118df7095c677a3af0c
0x18579b566019f85654c59c3b802d6e8f3b178b7b,0xd861026a12623aec769fa57d05201193d8844368
0x66a1b44fe64fc92a9251b6180bc76e4609bb0fb6,0x5d32f5c6773837f52b4b99ef6103fc15ba74f48f
0x66a3e782be81c5175171b695e56ae412b6966c15,0xd917d67f9dd5fa3a193f1e076c8c636867a3571b
0x88e92b4a33b94956c4c327e334b2d3aafa3d45fe,0x3cf93711bc2cd1496020db5bd7c0e199c6ddac2d
0xcd0c825106cf3067090b644652dabf298c6889ee,0x06cf0f5ddeebf4556e105754754cab16d956840b
0xf67ef5e77b350a81dcba5430bc8be876eda8d591,0x5cab5ea2e616d9d8ed89b3420540f21cc5ac7698
0x66a3e782be81c5175171b695e56ae412b6966c15,0xe57390eb5f0dd76b545d7349845839ad6a4faee8
0x0319c359c828d2cd9e52a853559d76f9958cd771,0x58b07fdbae91acb8a6e11f2026de755a5b32c2d0
0x1d019f2d14bdb81bab7ba4ec7e20868e669c32b1,0xaac9cb4b34b002279955df9cf2e637bc66128d61
0xdcfd3017a59adbc4eff7492ba416a0e4170cedfb,0x8c7b5f470251fed433e38215a959eeefc900d995
0x84a57414910fbfe9f5503bfca2f1e31b6ad0981a,0x72270948a600a2ff8fd535e0abe027324e539a5c
0x4c4ae0907aef6d61cb4a93c608f144c967c4537c,0x9ddf55088366b60c1e9505129ecfc2db7e485a0e
0xceafd4e9cacc070af99cce086c27aeda837f8bd4,0xd49d403d9046803a81ced65f3ef6ec51b323b246
0x2ecb555c6906ca787b1c394f621f90b1563d4af7,0x6f9119f372b336912197d93b7a3daeca88545da0
0x2ecb555c6906ca787b1c394f621f90b1563d4af7,0x31103b34d5710ab0178c962940e34b75ccb05ec9
0xdd6c5707dee472af3b53ab120d03d455e6cc95f9,0xe9edb10c3f582451eba31bf82c91b0440aff628f
0xdbfd8efe61d2874058e1c939d1d4092037bc7291,0xed6bda80fd8e4b19ee546d74641d6ff5c01ba24f
0x84a57414910fbfe9f5503bfca2f1e31b6ad0981a,0xed510c77fc1ddcacafa2747e98f4f5c47921906e
0x117e3f342886e18674e50ea88633f9be11273520,0x563f68d143000e1a24c47cbf2d7f0602a7622dcc
0x2ecb555c6906ca787b1c394f621f90b1563d4af7,0x5ed9d1a10845516a638684ec3a4ae6f794f38479
0x7cc391b17a4e76f0eb96b5caef22d184708fb3b8,0xd04e6e3c4da56fdd0d330a1094f64aae1972ef55
0x69ef8ac8a7bb4a406eca3a5f9d023814d199a565,0x09d403ff6f48bb414530a2af41115207cbd61304
0xdcfd3017a59adbc4eff7492ba416a0e4170cedfb,0xd9a7fa3f877eb06e67766e7a25d3931c678ebd68
0x60437fee4ddbda6e47955b6255e312f1ed067033,0xcaa772eacbcad50e0decc64ab4748dc1a11cf731
0x3646bf53c17ebbe4ce5e389cd3c73bc818ff7e46,0x35c2cbbaaf292251dfcd5583ce7cc3eb84ff3f31
0xa86dd95c210dd186fa7639f93e4177e97d057576,0x5d27cff80df09f28534bb37d386d43aa60f88e25
0xe656044c6922c7ce55a2b25b8a8db5f0858cfcd8,0xbd33303d0a586ca5950e3add96898fe5a4f88637
0x7cc391b17a4e76f0eb96b5caef22d184708fb3b8,0xbfe5392d1b804329f77bda57f4c38ac6c5aa286f
0xbebef25702c845aadee25dcf9a63d248c8fe5dac,0x18f9d27beb88c36151bfd83d3cee11f7d1e338c1
0x4b6800680f65e854534a0dfce054221f7026bf30,0x987c1aa12ed132a6de4c9f941d9b685b0388aa2c
0x2d6f21b68f8c56a86d25b4a80857c32322b2f63d,0x997e8a9248dbc876afc6925ed510eb84d965e120
0x537a09fd99fc7ef737d297cdeeab3b7f9602308c,0x14bb3346009238f9ee84f14fb855274a4edf8a30
0xa86dd95c210dd186fa7639f93e4177e97d057576,0xf21ef887cb667f84b8ec5934c1713a7ade8c38cf
0x0f733bdbb2b2f791bbb10d74d60f05c41ccd97f5,0x2a89cb32f41e339711de69e070612ffa0eb4e4fe
0xb33424088dfc99d69a3497808dc4992e3da96461,0x18f6ec229730e50dbb5ed4de1a284c08465d2f90
0xb7425ead67182048f137dbf1ecc1de4c43c9951a,0xd8c7795ec8b4bd752c62ae5d573374a96703d205
0xbebef25702c845aadee25dcf9a63d248c8fe5dac,0x242f9347f485fdf8fef82e1b1de72b5c27f7ebcf
0x88e92b4a33b94956c4c327e334b2d3aafa3d45fe,0xfe283dc91dfc86a199586265ed8a6633e9282292
0xc8a1466cd9f2d6401675e06b9905357f564811ba,0x685647f0707a59f2259d77591d65cf4895e84946
0x84a57414910fbfe9f5503bfca2f1e31b6ad0981a,0xdd1091206eca48dfc08315242ae4a0b4b0aaa740
0x1b6200257c14b8b3bb876b8f36d535239e83ce27,0xd52a1dd2d982786c5401c1ece973da8be9a888f4
0x3c13b172bf8be5b873eb38553fec50f78c826284,0x1b1740085c04286a318ae47400a3561b890979c7
0x8f2354f9464514efdae441314b8325e97bf96cdc,0x46178d84339a04f140934ee830cdafdacd29fba9
0x4df8ae14defe509c9484597c56373157c1838271,0x5cb47b2954eb6fc742039ac8933f380dd3cb0079
0xc9fe91c452fa3f9329e5f20c5555ecf60ec71d52,0xd0429a2b1e7901a0c1bd011d29904b020c68ae4b
0x3ac1b23cc9cbca0adc29e468f1d675546b52ddf0,0x81b73edfaeba341cc490ac11d6f8b2c93921c5aa
0x1b6200257c14b8b3bb876b8f36d535239e83ce27,0x0774a392b307b51235839349c94e87b2c33a2d26
0xa3a2b235bf12331e8b6df33ccc5c10a9fe5b679b,0x39a4ca803544d6befa8883d3b340482bfdd536d5
0xc7d021bd813f3b4bb801a4361fbcf3703ed61716,0x12d7adca8e504cf4a1db6bdedfaba5885ef48f68
0x4054264c574984071d3397eac800dd09f0bd1438,0x22e7475615bbf12050f8b5c89f874612c7631f98
0xf67ef5e77b350a81dcba5430bc8be876eda8d591,0x7cfb238c628f321ba905d1beec2bfb18ae56fcdb
0xcd0c825106cf3067090b644652dabf298c6889ee,0x8c9ed18f25f2b29f29d3b09dd98863fc42afe77f
0x5e83ca7924e57b15d48afea3499c953be23657db,0xf790c6a4ddbe2c8ae94bd73b1a184b0529c2d6a3
0x05c1f71d81846fddd9842eabb8d6286bdc1b812a,0x046d1d0717945abb70d84a26234c8b4e4ee4e037
0x831f5eb0de404fa648211785c7399d1c2f4ae91c,0xc5185b2fb7f630d8315f75179e09c0e9797ffd26
0x323fa9f867e0c91c107c68683e734d987c4efd80,0xd9e6c3cb354e534d1eddaa0a47579c2b37f8d34c
0x66a3e782be81c5175171b695e56ae412b6966c15,0xcb213609df465812be43abc3e47079576982fc96
0xd5b649c7d27c13a2b80425daee8cb6023015dc6b,0x3823d2b0cec7d1023ac7d69e76b48bafcc31f28b
0x5e83ca7924e57b15d48afea3499c953be23657db,0x03e7934884b16cfbbd5f4f0c7f399cade578aa5a
0x1b6200257c14b8b3bb876b8f36d535239e83ce27,0x219362d17b8bb4fba592cdac032f2cf22487c25c
0xaf8984f39eb725c567123ee6a522e0a7206cc9ff,0xb116bca7af43068e8c39633ac543e35cfac8e4a4
0x84a57414910fbfe9f5503bfca2f1e31b6ad0981a,0xaa604683c10ef6be9fba2add769442224ef3cb20
0x0f390559f258eb8591c8e31cf0905e97cf36ace2,0xb4300e088a3ae4e624ee5c71bc1822f68bb5f2bc
0x9f750cf10034f3d7a18221aec0bddab7fc6f32ba,0xd1d6e60f61ac05876b7a12f75688ad45eb21deeb
0x32ae7037a8f657e9a6adfd5f1590c800f5c8b36a,0x88c21737d55bc17b02961b0e35b26bed717948d3
0xa3a2b235bf12331e8b6df33ccc5c10a9fe5b679b,0x49a186594c9090f09910ae684cc9542b9448e954
0xf67ef5e77b350a81dcba5430bc8be876eda8d591,0xea1ca194ff0d211f86fb8e9d8be985e35cd16968
0x69ef8ac8a7bb4a406eca3a5f9d023814d199a565,0x16faf8439a35dc3fab4d8c6fb534b6530e7874a9
0x0f733bdbb2b2f791bbb10d74d60f05c41ccd97f5,0xa697d9e5afae640f238ba9365b0f30cc948b278c
0xd5b649c7d27c13a2b80425daee8cb6023015dc6b,0xbd1bf670692aacbbc96f0cbdd2f868f20e8f3296
0x29548758476e43ee0d3519ea239bd6ad03ce8ef6,0x3c7bcca17a11d078f0a3e12f4dad8d02bb509bad
0xbfc190f10a2b3142812710e4a69b0cce8437666e,0x66a2dbf91546f320ec2169a4a20f7fe2802b3b80
0x2ecb555c6906ca787b1c394f621f90b1563d4af7,0xccfdf2ebc9c39a496b6c17715fb92c49912129fe
0x7cc391b17a4e76f0eb96b5caef22d184708fb3b8,0x0a950cda0e029f7bf2af71ebd1316d5bc6c181ec
0xc7d021bd813f3b4bb801a4361fbcf3703ed61716,0x0ecfbe26eed3bb00446dd372425db2b305d8643b
0x69ef8ac8a7bb4a406eca3a5f9d023814d199a565,0xde875c08641104442a812712ad49c4f1939810d4
0x3c13b172bf8be5b873eb38553fec50f78c826284,0xab06f920da5c07c184cd39d2f9907d788654013e
0x4054264c574984071d3397eac800dd09f0bd1438,0xbf68da27bbf82607918592c5e3645067b7b279c3
0x7aff90aefb8c1bce17b0a55dda037699eef73c0b,0x48716052cfe8344d3ffbb164dd5240a1446db555
0xf2a2011be242576ef1f1b801ee6d3aa1fa184075,0x1e4acf0602f40a37fd86883308954baae5ade677
0xaf8984f39eb725c567123ee6a522e0a7206cc9ff,0x3563918369bb5319289b260a5107818c362a35ac
0xaa87715e858b482931eb2f6f92e504571588390b,0x17933112e9780abd0f27f2b7d9dda9e840d43159
0xf06c4b802595403fde1aa1e6cdfa277372df1b77,0xef9c86379b6388fb67c446ce75c1b945d17e25cd
0x62469136587a06c41f1669e0a385881d6341ba6e,0xf1a3cf433347b0227cd2490aef4817488b35b7cd
0x0f390559f258eb8591c8e31cf0905e97cf36ace2,0x772918d032cfd4ff09ea7af623e56e2d8d96bb65
0x0319c359c828d2cd9e52a853559d76f9958cd771,0xde79a40d83ca0fe730850319393311388daeaf53
0x84a57414910fbfe9f5503bfca2f1e31b6ad0981a,0x8bef02e9a774f8ee904ed8de93a0a3708dfef1db
0x0f390559f258eb8591c8e31cf0905e97cf36ace2,0x103f2ca2148b863942397dbc50a425cc4f4e9a27
0x612689f1ea5cc1925c47c7a339530ae6c05106b4,0x5de2ba873d0f30d74f91ee568d2bcf18ffe85f4d
0xf4f9b60f2e588e72205bd4e214e773549925b96a,0x89979231287960d8b057ca947657e358008941f5
0xf06c4b802595403fde1aa1e6cdfa277372df1b77,0xf1b412c70702aac72f221b36638db24ba0807e4a
0xb7425ead67182048f137dbf1ecc1de4c43c9951a,0xef364d7291707babe6c7114629f7b71d63c909fb
0x96e8db21a3911a97a24c6af10f14e15d4c950054,0xc0c997227922004da3a47185ac2be1d648db0062
0x0bb220fea7928a97aef0996788d2f26d8cc0aeaa,0xdc5e3227dfd93a3c1263d46608baddb086c3727a
0xbadac56c9aca307079e8b8fc699987aac89813ee,0x5441090c0401ee256b09deb35679ad175d1a0c97
0x2ecb555c6906ca787b1c394f621f90b1563d4af7,0xf6ecb5877d834f070c7e88802a66e1ea1922e7b5
0x6f173ca50731a1426c3396c5c1fe2f40f923b766,0xc0dec73b3b6d2ce46543080d4f107805f3430f04
0xd5b649c7d27c13a2b80425daee8cb6023015dc6b,0xfd4224a5358162d5d4f97c3c51966383642f0553
0xe656044c6922c7ce55a2b25b8a8db5f0858cfcd8,0x72df63627e20524842f74bdc5a89ccd05e8f4a65
0x9f5a68b3dbd4e9d5f5be9b20107133d1baf0dbb9,0x84731339337e0e359b1645d99e0b2a849633cdfc
0x44a03c14f30d49cb43b7f7e91e987ecc10cc0b09,0x7db1399c0fdafc38cabf0bffc9fb9a512f2e6e23
0x895879b2c1fbb6ccfcd101f2d3f3c76363664f92,0xf8ec0f87036565d6b2b19780a54996c3b03e91ea
0xd5b649c7d27c13a2b80425daee8cb6023015dc6b,0xdee7e973657853a15305d360d2ac46a1e279c68c
0xe656044c6922c7ce55a2b25b8a8db5f0858cfcd8,0x4dfee3ebb3d5eb62c266a73c3403bf6395a16135
0xb88819b96640c465910a929550cd196c8172ce57,0xba996f27d288940e775e4c74e3c49fc9403fcccf
0xb7425ead67182048f137dbf1ecc1de4c43c9951a,0xceb1111cd82a89a7f2607d76585da514ade7f516
0x88e92b4a33b94956c4c327e334b2d3aafa3d45fe,0x59855e4f2988527c394c9d0e23a8aed578d28931
0x69ef8ac8a7bb4a406eca3a5f9d023814d199a565,0x22485c095ac1d993df62a95b2b63b4b50ab85e96
0x66a3e782be81c5175171b695e56ae412b6966c15,0x8c7b5f470251fed433e38215a959eeefc900d995
0x111a9ca1ed4883cf0cce8cb43d3acf9372be98d9,0x3a29431b98bfd5636ff940ea19f4f3fce0235cb3
0x9f750cf10034f3d7a18221aec0bddab7fc6f32ba,0x6e002cb9bf8c17409eeb6c593ef6548faddd2985
0xd3a8ed9cf0ef1bd677c6ae7a2178837bed35aebd,0xf17c9d4062e2e652f81e43f9304edde3fb3e63db
0x111a9ca1ed4883cf0cce8cb43d3acf9372be98d9,0x3897705fe429481b3a030689ec439c80b55b770c
0x7aff90aefb8c1bce17b0a55dda037699eef73c0b,0x9791bb4f480bba17ecdddd1ef711c9d6fc6aa4de
0xaeae92590cda2f5e61f6007a8e083a42dc578230,0xf8fda6f61f26f8de49f9742946be3ad6b7fcc909
0xa973821e201b2c398063ac9c9b6b011d6fe5dfa3,0xfdea956ea2d420571deadef18a3d38525e17361c
0xa3a2b235bf12331e8b6df33ccc5c10a9fe5b679b,0x5beb9b683cf5e22d729f72040fe9f05fd5953128
0xeed247ba513a8d6f78be9318399f5ed1a4808f8e,0xd8d66f7b99caee7b764cb66cf9931cab49d4ab2c
0xf4f9b60f2e588e72205bd4e214e773549925b96a,0x83ff1f178eb8fac58a76f858ef200aed4c9d4f67
0xaf8984f39eb725c567123ee6a522e0a7206cc9ff,0xcc18405ecdd137d1f4a27e06c643e26a504df937
0xaf8984f39eb725c567123ee6a522e0a7206cc9ff,0x192d9700a5a45134c3be4639949d5e714d4678aa
0xeed247ba513a8d6f78be9318399f5ed1a4808f8e,0x4a5806a3c4fbb32f027240f80b18b26e40bf7e31
0xf4f9b60f2e588e72205bd4e214e773549925b96a,0x316814de7415500740b158edebcfa6e8b403b10b
0x9766f97582452df92daaa030e28c1fdecb2671a7,0xbd60dbeaabac55a52d2085f7786b54913424fd3f
0xa22a3dad6fd8bd35ffe0ad5433ef219406ff7b51,0x5e3a49ad60cae9d9d6c14e7fbad29d58a6b3cec5
0x4054264c574984071d3397eac800dd09f0bd1438,0x7db45745f14ee946bc19f6ec123a0d22b3c2ee8d
0x32ae7037a8f657e9a6adfd5f1590c800f5c8b36a,0x1350d45ce487cfb29eba7d1e88c2c5e44f94fa7c
0x84a57414910fbfe9f5503bfca2f1e31b6ad0981a,0x61b7ce00112116660c59fddb5cbf79489ff3e191
0x5ada4f2951d6bdc644605ff7241354c85ac5b7b1,0x07fc3fc969d938bd34ea506fc85eb3a62627f23a
0x5f074281bc6f1a369a24dbb53bb0b1e7583150ff,0xaeb07b33eb6e49da3b31fa468615b439703f64ac
0xd5b649c7d27c13a2b80425daee8cb6023015dc6b,0xcb2b0b3380f3993f051b9d5355e8ad8e1bdaf95a
0xb05c42e2dee393ef96bdcdcc7fe69039ea625b92,0xefe4fd96ed3415978c02997b65912e37430b6746
0x185fa7d0e7d8a4fe7e09eb9df68b549c660e1116,0xa7199bda2b69a7dfd79948e23875e7c5acd6b19a
0xf67ef5e77b350a81dcba5430bc8be876eda8d591,0x56c0fa757820c2d9df35cf2874f3268fe717e92f
0x5f074281bc6f1a369a24dbb53bb0b1e7583150ff,0x352a073574f3507e060d4711fecea9f12e7cda9e
0xf2a2011be242576ef1f1b801ee6d3aa1fa184075,0x4525842a4a0671a3a20408c1183779ab19c4055a
0x5a240f1a8ae87acf6f85a991e4a1315655c4d2e6,0xe735e7c280fa3e272914c7c2a6ddd4e180c5f11d
0xad5e9bd80750fa446dde26a63e8cbcdbf69e2c9f,0x0ff7415d8d5074ff9846190d00a68ca0f2d7fcfa
0xcd0c825106cf3067090b644652dabf298c6889ee,0xd2ba857684da91b0ae31b9e520e9eb121dc93665
0x1d019f2d14bdb81bab7ba4ec7e20868e669c32b1,0x0c262f137a5b80b042e8aaa763404b8a40da71e8
0x92a62f8c4750d7fbdf9ee1db268d18169235117b,0xd917d67f9dd5fa3a193f1e076c8c636867a3571b
0x898c269e6cc30bd9643f5b7db549c3e3535f7b0d,0x7f1a00a19724f9647524ff3a65b75d68f79a8cea
0x84a57414910fbfe9f5503bfca2f1e31b6ad0981a,0x0d830e0012ecd47652ed1c2b0d9dbb5c93c4d3ff
0x2c23cfbaf486018688d9636097e4c7b070461990,0xe23ce93a98a970921b2c91bff51a2b8c32750fdf
0xc8a1466cd9f2d6401675e06b9905357f564811ba,0x7946a776a27833dbe239ad9f8320c1d735689d53
0x043263ca46230520fa2ba06a86e5c6f77464e81e,0xe2b26718c917695693ac321fce6fc1656c4a8f65
0xaa87715e858b482931eb2f6f92e504571588390b,0x2bf852e22c92fd790f4ae54a76536c8c4217786b
0x91c471053ba4697b13d62de1e850cc89ebe23633,0x1e02e6a5b549eead726ebcce64a54215196760e2
0x117e3f342886e18674e50ea88633f9be11273520,0xc1cdf423adb7ac6580caa595fd671f63af162ee4
0x32978daa16153fcf5a6bfaadc9c7cb2fc51b68ab,0x8375563946c62b7a48f655e88d947c71bc497837
0x831f5eb0de404fa648211785c7399d1c2f4ae91c,0x0ee26a7a3ab13ae96487bda8e55ede93508386a0
0x1d019f2d14bdb81bab7ba4ec7e20868e669c32b1,0xd8fd0886ef16fe8fbd1771b6ae6b9a5b4be228e1
0x3ac1b23cc9cbca0adc29e468f1d675546b52ddf0,0x22ce4102844f16349c0da0308b02d80e32f9d5fe
0xdd6c5707dee472af3b53ab120d03d455e6cc95f9,0x450727d7ec7afe8791ae31e42e20ecdcffcd171b
0xceafd4e9cacc070af99cce086c27aeda837f8bd4,0x7e48796dfb577458d1cb3df51786e1a44a9da886
0x9f750cf10034f3d7a18221aec0bddab7fc6f32ba,0x5465bcede153d287661ae8c125d051dc45b04f3c
0xaf8984f39eb725c567123ee6a522e0a7206cc9ff,0xc39df82ed96a06b913a2d776e5172265dbe1fe55
0x537a09fd99fc7ef737d297cdeeab3b7f9602308c,0xed01840591931dda05e240ef278bfff6f3b22395
0xa86dd95c210dd186fa7639f93e4177e97d057576,0x1ca530f02dd0487cef4943c674342c5aea08922f
0xa3a2b235bf12331e8b6df33ccc5c10a9fe5b679b,0x35893c95406e4701556da2af0de1d5f7580d1b5d
0xc8a1466cd9f2d6401675e06b9905357f564811ba,0x750b148dc7a2132c6d35509c8da4011c34e4c782
0x44a03c14f30d49cb43b7f7e91e987ecc10cc0b09,0x8055d83b8df119d21a347cac8e9f6714e1d1c19f
0x60437fee4ddbda6e47955b6255e312f1ed067033,0x0bdf3cb0d390ce8d8ccb6839b1cfe2953983b5f1
0x4054264c574984071d3397eac800dd09f0bd1438,0xd21e4f51a7de3c70a83230c2c031dd4eeec4dc8e
0x84a57414910fbfe9f5503bfca2f1e31b6ad0981a,0xeb920ec52e49e259ab11b2be940136e32c2b8bff
0x92a62f8c4750d7fbdf9ee1db268d18169235117b,0x8c7b5f470251fed433e38215a959eeefc900d995
0x1813554dc1f68cf54f71449db298daf9ab75f4f3,0xc10e5f87d7d7dd718b088d217b3efc228737c8fa
0xaf8984f39eb725c567123ee6a522e0a7206cc9ff,0xa5eed654565e0ac130264369b1a441b999c2f778
0xc8a1466cd9f2d6401675e06b9905357f564811ba,0xfb8a730220aa3aa1fd234b21a858994e663318d1
0xeed247ba513a8d6f78be9318399f5ed1a4808f8e,0xff2073d3810754d6da4783235c8647e11e43c943
0x08b55c9d3ae64e31fd220e362c301497c1810dc9,0x20b3e3a56fc3bf7afea33c741c1a3647fca8812c
0xa22a3dad6fd8bd35ffe0ad5433ef219406ff7b51,0x6976d1c008310e734c99c5ea787c6467bb3cf26d
0xb05c42e2dee393ef96bdcdcc7fe69039ea625b92,0x42a64cb0b362292b3c01aabb1df46a987729963a
0x7170d38b90f4b0d097e0a24174ad74fa42d07b81,0xafa5e1ea2d1e0fe58dc2a69502f39bcf7b2a39eb
0x7892c7ee7981d2c5e34ff8b0252493b64d84483a,0xe6d2b52058f5db43afe21ba3b670784df7b15660
0xa3a2b235bf12331e8b6df33ccc5c10a9fe5b679b,0x4fc2e0156d5385962f370818ddff3b5627fc3b2e
0x3ac1b23cc9cbca0adc29e468f1d675546b52ddf0,0x9cc503e787dc6354e9bf08ed3ca8b8208645f2f2
0x1a1e390f83962d3f0b38edb6fcfad27866204090,0x1b4d8c830059c61ff990228d072bd431937f68c5
0xeed247ba513a8d6f78be9318399f5ed1a4808f8e,0x242f91207184fcc220bea3c9e5f22b6d80f3fac5
0xd5b649c7d27c13a2b80425daee8cb6023015dc6b,0xee2a8949e5106d0b273bb6a63a01beb41ef6e07f
0xa86dd95c210dd186fa7639f93e4177e97d057576,0xc37896bf3ee5a2c62cdbd674035069776f721668
0xbebef25702c845aadee25dcf9a63d248c8fe5dac,0xebb71fb2ac822537baed1fbdbda8eb4af7941945
0x4c29d5a7bc19742b5dc7dd66508ddc73d7094ba8,0x394e3aa80063f2727e8535a328f8ea490b46a7d1
0xaa87715e858b482931eb2f6f92e504571588390b,0xde39adfb2025d2aa51f6fd967e7c1753215f1905
0x3886a3b02ce2df807c050724e3013a88514d2310,0xacee87fc4a7ad2d967c524f4e2d122f7d7b1f9d0
0x3886a3b02ce2df807c050724e3013a88514d2310,0xcbd54b92e1c60ec0db789f26ae217cfa7282103f
0x69ef8ac8a7bb4a406eca3a5f9d023814d199a565,0x7a2a3bd00c04d96211ffc33dc25f251e046ca7da
0x601b38482243bf0c0ef3f26abb7993f933de88e2,0xc47560509492e787542203e44e7cd7abca477f8f
0x29548758476e43ee0d3519ea239bd6ad03ce8ef6,0xa92e462e76f34ea5b76288f9b14c7dc29a8e724b
0x5ada4f2951d6bdc644605ff7241354c85ac5b7b1,0x6995406a7e0f6d6808a0a8be54019dcadee23434
0x7cc391b17a4e76f0eb96b5caef22d184708fb3b8,0x50e1b598d2c5b7918d0f936bdc429bc73b097724
0x7cc391b17a4e76f0eb96b5caef22d184708fb3b8,0x2bf58c1a93e3bdf6e669e576b30dd39197277352
0x5ada4f2951d6bdc644605ff7241354c85ac5b7b1,0xf95a2d49016c0bfb56c367e81b2bc4202eb530d6
0x49ea2c991290ca13f57ae2b8ca98bc6140925db3,0x038a8c9b8f25fdb6d306fe1f4d99ad9b3b3ab722
0x487ef86eb04b842285961c3d22d6e57adfcd2226,0xcdb83d9bf8fe87bef0a04a73522d63500e2492c5
0x69ef8ac8a7bb4a406eca3a5f9d023814d199a565,0x2af36cbfe3d4bf8468dd3b6ea1f6052e188c33a7
0x94369dc4c3d84a1b6208faf5175d33b0f8d11004,0x872732cb30d67633488b453790577472add59801
0x7aff90aefb8c1bce17b0a55dda037699eef73c0b,0xcc9e9a92bb63599525c868251d09d0d76f975adc
0x49ea2c991290ca13f57ae2b8ca98bc6140925db3,0x439ff1cb0f4c8e62591b6fab39b9d19a0dd743c9
0xe4585064531fc0ddac7edca41a3fc5ab92f95cc4,0x75be1de4fd6f5a2a8b196e496eb569fc85aed526
0x2ecb555c6906ca787b1c394f621f90b1563d4af7,0xfcdb71b6b8a463f0bfcc7e23083991e37aeebbb8
0xd5b649c7d27c13a2b80425daee8cb6023015dc6b,0xdbfd9c0fc225e323a8eff1bcd1aa787be8c11a26
0xb33424088dfc99d69a3497808dc4992e3da96461,0x02f31517cb6a86a7054533c44dba4bfd84ee1a20
0x63fc70773e18dfcef6a671417ff0d8e9c3b9ee7e,0x3804a8dc13becc05c9ff3ab4db473687b5e0de70
0x7892c7ee7981d2c5e34ff8b0252493b64d84483a,0x79e126a21ae6adc845602af9d9d14a9d0cc9689a
0x88e92b4a33b94956c4c327e334b2d3aafa3d45fe,0xbfccfa2534fa223c23c052fbd1c008387ad4c613
0xc8a1466cd9f2d6401675e06b9905357f564811ba,0x1712ad1c0ecbbc110951b6f1e6396b8cb3ea9c9d
0x2ecb555c6906ca787b1c394f621f90b1563d4af7,0x7e7a859ab650e5bf28ecd644ebf7f54bccc87ee5
0x0f733bdbb2b2f791bbb10d74d60f05c41ccd97f5,0xce51c26606f7e76969b1b2b30cc965f44475f34b
0xdbfd8efe61d2874058e1c939d1d4092037bc7291,0xe73eb0da3f2dfd2f46c3742cfd472048a7986f81
0xd5b649c7d27c13a2b80425daee8cb6023015dc6b,0xbd65ae81d1d79236d69d01631ddde5a994c96915
0x2d6f21b68f8c56a86d25b4a80857c32322b2f63d,0x608b758624f0dfbf84e5f86af655f5cfbdfeeda1
0x537a09fd99fc7ef737d297cdeeab3b7f9602308c,0x66eb5e7ed0e236ffba87509de776a28c8df3b4d0
0xdd6c5707dee472af3b53ab120d03d455e6cc95f9,0xb0afd601f9e97f1d98491aa50c9bc361e62570bb
0xc7d021bd813f3b4bb801a4361fbcf3703ed61716,0x7328e15053b934ed99368e4ed49a850189976ef3
0x32ae7037a8f657e9a6adfd5f1590c800f5c8b36a,0xb3b2d1356430d005c1ef939aa0ba3b81da1758b3
0x043263ca46230520fa2ba06a86e5c6f77464e81e,0x996f841ca3da29efaf7d0735fd39fa7fd02ca9b0
0x60437fee4ddbda6e47955b6255e312f1ed067033,0xe30a6c7cabfb3b509ec2e765a70ca399a4d9e2f1
0x822d5fd8aca011e3704d39958c5615d3a1e716cc,0x68536a83e5474a841e843185c971838d3916cca4
0x3cc835a1ac51284f2e01c23d090dbb2340ed005a,0x8ac5523f294a567c12bc676747f327e3106ff4f9
0xaf8984f39eb725c567123ee6a522e0a7206cc9ff,0xa4ae750f05863a60c3afe2a7a599623729b8d656
0xeed247ba513a8d6f78be9318399f5ed1a4808f8e,0xb60ef53ba18bd85ab642c2f78df13e7abccdcb9c
0x895879b2c1fbb6ccfcd101f2d3f3c76363664f92,0xe6ef65ec40d943c3f675165b0b17e06862fe3d82
0xf06c4b802595403fde1aa1e6cdfa277372df1b77,0x43d250803eaf3698a31e206606a05fd676df563a
0xeed247ba513a8d6f78be9318399f5ed1a4808f8e,0x068485a0f964b4c3d395059a19a05a8741c48b4e
0xa22a3dad6fd8bd35ffe0ad5433ef219406ff7b51,0xf40877f067ba189af0eebba5762ff36e4eb6f0d1
0xc8a1466cd9f2d6401675e06b9905357f564811ba,0x06ea4f0d1418bb3d151e14e30928b0c448081b09
0x5ada4f2951d6bdc644605ff7241354c85ac5b7b1,0x7c0bedaf3ad27e50df2810b4611b5222e12696dc
0x185fa7d0e7d8a4fe7e09eb9df68b549c660e1116,0xb97efc8553c8515d0c103106ee7c91f8a9ba6af9
0x69ef8ac8a7bb4a406eca3a5f9d023814d199a565,0x9f32046190bce08289798144d2d8bb53ef1c4c7a
0xd5b649c7d27c13a2b80425daee8cb6023015dc6b,0x9ac8f7a521dcbc12cb4d54b22fa1fbf1c5f50caf
0xeed247ba513a8d6f78be9318399f5ed1a4808f8e,0x4180f39294c94f046362c2dbc89f2df7786842c3
0xc8a1466cd9f2d6401675e06b9905357f564811ba,0x604b089faf0bdd33c4454a1304cbd720048469e4
0xceafd4e9cacc070af99cce086c27aeda837f8bd4,0x7f45cb159561f8f139c5971a75a0a4210f751adc
0x44a03c14f30d49cb43b7f7e91e987ecc10cc0b09,0xa5c97d9805c39fe735242dee5bb5a6d99595540b
0x1813554dc1f68cf54f71449db298daf9ab75f4f3,0x1574d390316d15297c8c6865b21d1887a269b596
0xaf8984f39eb725c567123ee6a522e0a7206cc9ff,0x672d4aafb006ddaf599b24e2a5ccab401128accf
0x0f390559f258eb8591c8e31cf0905e97cf36ace2,0x376020c5b0ba3fd603d7722381faa06da8078d8a
0xd0adcd27c2319da0c070324481d366d4f3c8fbe4,0x9c17ed201e456205a54ed9f0d565cc661109efd3
0x96e8db21a3911a97a24c6af10f14e15d4c950054,0x4da84e12af789f97afd68917f40564b7d27fe040
0xb7425ead67182048f137dbf1ecc1de4c43c9951a,0x0e83415e4b71704cb1cf46e16563cf67c797be8f
0x93db30deb36b78466c302e79460b13943976111a,0x0dde6d68e9159d762dd046d12a59349e42b48876
0xad5e9bd80750fa446dde26a63e8cbcdbf69e2c9f,0x4d6cba3f0ec4a0215e43dbce9fa9c7a55e331020
0xeed247ba513a8d6f78be9318399f5ed1a4808f8e,0xc6121d58e01b3f5c88eb8a661770db0046523539
0xdcfd3017a59adbc4eff7492ba416a0e4170cedfb,0xf81263eb84dfa118261cb9377f2c46ca04689e6e
0x77c2fb05826770e92d402ec8f32a4e8ce9e26cd9,0x215542f153825cdae2fdf9715337aa7b4b68405d
0x1a1e390f83962d3f0b38edb6fcfad27866204090,0x57cb39fb7b3b2d930e18149b2a23222200956309
0xc8a1466cd9f2d6401675e06b9905357f564811ba,0xaf612b3bb8b838fe977577cae28d354b5074622d
0x043263ca46230520fa2ba06a86e5c6f77464e81e,0xe4a9242cfbaabda1a3919f47784ba2c743128f33
0xb85b64938caf721024be0f747bf3b54db89b4537,0xe64d56488c3b05bb147d791db7213da0198dc9ab
0x2983cdabde6fab624d3d511f2d1162c2277db51b,0xb2350d244ac208c12449af7198bf47e0dbf9391f
0x185fa7d0e7d8a4fe7e09eb9df68b549c660e1116,0x123a07e5528542c9015595d7c0bb3c844c3b1195
0x66a3e782be81c5175171b695e56ae412b6966c15,0xd006e90a4a1abfc560999ba2c3b0b70aa6b1b2f4
0x0f390559f258eb8591c8e31cf0905e97cf36ace2,0x6bb6ebcf3ac808e26545d59ea60f27a202ce8586
0x05987dc2ba2e2745a8b7ff09012b0b9dbf71a958,0x936daccc8cbfe18ec7e87e390f585829a12c6f2d
0x332a8ee55658a541573d240bc8aa9be415dc6311,0x8c0fb12c7c46fa33c5cefe151c667b74b854b09c
0xbfc190f10a2b3142812710e4a69b0cce8437666e,0xa7c46b8ef72c51accf2d0a494831c65e6d0467a7
0x5e83ca7924e57b15d48afea3499c953be23657db,0x5ca93bda67534f1caab44dc3054067cc6a5bbfe1
0xaa87715e858b482931eb2f6f92e504571588390b,0xb65ab7e1c6c1ba202baed82d6fb71975d56f007c
0x7170d38b90f4b0d097e0a24174ad74fa42d07b81,0x919e7642d60c696e42393c4176fe10f2217042ef
0x0f390559f258eb8591c8e31cf0905e97cf36ace2,0xebd7f3349aba8bb15b897e03d6c1a4ba95b55e31
0x1a1e390f83962d3f0b38edb6fcfad27866204090,0xea79a3616c587675e466022cf228c5f41d70bcf9
0xa86dd95c210dd186fa7639f93e4177e97d057576,0xd12d43cdf498e377d3bfa2c6217f05b466e14228
0xc8a1466cd9f2d6401675e06b9905357f564811ba,0x023dcadbaebd38940d7203edc10143f937253268
0x49ea2c991290ca13f57ae2b8ca98bc6140925db3,0x1446f9365361dbca6d7ff94852e9383bf3bcc7e9
0x068134c0916583787320bdaf4381509e83990499,0xde131f422585927c5d19879ee22241678273b155
0xdcfd3017a59adbc4eff7492ba416a0e4170cedfb,0xe57390eb5f0dd76b545d7349845839ad6a4faee8
0xdcfd3017a59adbc4eff7492ba416a0e4170cedfb,0xbfe2df7577184851dd2e519f3eea1cba0365dbcc
0x0f390559f258eb8591c8e31cf0905e97cf36ace2,0x607312a5c671d0c511998171e634de32156e69d0
0x831f5eb0de404fa648211785c7399d1c2f4ae91c,0x4ebe7b5799e6966e1342133c24cdf2140f248ee0
0x18579b566019f85654c59c3b802d6e8f3b178b7b,0x156157693ba371c5b126aaef784d2853ebc8fefa
0x32ae7037a8f657e9a6adfd5f1590c800f5c8b36a,0x70e338ed67d6cf184746cbed45501a57c2bab403
0x5a240f1a8ae87acf6f85a991e4a1315655c4d2e6,0x28460afa079dd42ec043496841a67b9af07b4d04
0xd5b649c7d27c13a2b80425daee8cb6023015dc6b,0xdf19d746b5ab2b7b040daf0ec3341000cfe17bae
0xd5b649c7d27c13a2b80425daee8cb6023015dc6b,0x3ae83a39ce92c13beb51e5e6b4280143d20ed251
0x56f060101ea2f3f9a7a897ceffc75556902c0a69,0x0f74aa40b70c1555f34ab331720b6d8e9abe90f8
0x8f2354f9464514efdae441314b8325e97bf96cdc,0xeb156f76ef69be485c18c297dee5c45390345187
0xf67ef5e77b350a81dcba5430bc8be876eda8d591,0xca7d7f202894e851e495bebcd2a62e0898dd1814
0x7dc7103be6f1c93085772a566d0f7d9512ae6f79,0x69ef5dafbe9f272f219133dbb59fa4f5b01c6eac
0x7dc7103be6f1c93085772a566d0f7d9512ae6f79,0x2f3d432f789214292c5daca2b0a17677f41b0f96
0xbfc190f10a2b3142812710e4a69b0cce8437666e,0x6cb7e6572cadb0682d41cc67b26aaed4885c3387
0x0f390559f258eb8591c8e31cf0905e97cf36ace2,0x29ddb4c4f9baae366dbd40eff79d364e004425b0
0x84a57414910fbfe9f5503bfca2f1e31b6ad0981a,0x707eb569f0093bd583849e5bfd6d11dda60a107b
0x93db30deb36b78466c302e79460b13943976111a,0x0998be8fa7a199ee6863a7c2f4b38ccf5ac07f64
0x69b65da14e4cc4466fc121fcb18106e774a11e07,0xdebda27302a975f5f9b876c36b1e8b9f01a21159
0x88e92b4a33b94956c4c327e334b2d3aafa3d45fe,0xbb6d2cadc679f59b1a03f755bceebfcade1e4f16
0x7d9529ad4a50c36a544aa4aaec16e781dfa52a43,0xe933539e318688eb9c285f2b8c4ddc3bb2c46c98
0xcd0c825106cf3067090b644652dabf298c6889ee,0x4e062744af7cfb0e1d83eb81093a2fb7b43dfa05
0x69ef8ac8a7bb4a406eca3a5f9d023814d199a565,0x1a06fcb487b05640ea5b650b5a4bcc52e766ec02
0x3886a3b02ce2df807c050724e3013a88514d2310,0x3985e8fdea61f2e254bc6c559f6d5646c6cd006f
0x0f390559f258eb8591c8e31cf0905e97cf36ace2,0xa8236eafbaf1c3d39396de566ceea6f320e3db00
0xe4585064531fc0ddac7edca41a3fc5ab92f95cc4,0x3966df8d32d70c246e0e18a428b6a4fa6a364c13
0x29548758476e43ee0d3519ea239bd6ad03ce8ef6,0x32de0d4036c8f1711732e555ecb36d0e062ca830
0xbda8c17aa00854f401057ec7d796577a8ae96ade,0x185d297fe94db07dc3af1074db19ef397864f1fc
0x1b6200257c14b8b3bb876b8f36d535239e83ce27,0xa50fee4356943bfc5a7be38466baff7cee6a416d
0x1813554dc1f68cf54f71449db298daf9ab75f4f3,0x118d18a71aa53da259609c36725a4558d3cfb1ce
0xaf8984f39eb725c567123ee6a522e0a7206cc9ff,0x476089324897ec301312be310d4bcb499aae56c9
0xaf8984f39eb725c567123ee6a522e0a7206cc9ff,0xc3fdad78e0e2cdde8fad9ebfe55b36532ed377b8
0x537a09fd99fc7ef737d297cdeeab3b7f9602308c,0xdacbd4ad73dcbed3b35a74182cd5a341e2ff5cdd
0xc7d021bd813f3b4bb801a4361fbcf3703ed61716,0xda19255b9116e2062ea3f9c19d19cc57c838abdd
0x08b55c9d3ae64e31fd220e362c301497c1810dc9,0x40bd6990db92844fe34592fd6be2f2836e1ff4f3
0x60437fee4ddbda6e47955b6255e312f1ed067033,0x86356683eca061fa3dd795af3a22a1530a999b58
0x7892c7ee7981d2c5e34ff8b0252493b64d84483a,0x97296cc263f35d0eebdd87e04154cb3f86022c4d
0xa84b0cf008f84620f620c2da40c5ef1df4c1f5d5,0x23f8c6019a63c0bc19c634bc5d12db063ed85906
0x2c23cfbaf486018688d9636097e4c7b070461990,0xb7f948474ec3c93f68e3cf14ae4df4205f59bba9
0x29548758476e43ee0d3519ea239bd6ad03ce8ef6,0xf13905a8c6eeab346b3eaa26d6d6b1d5cf388a7e
0xe656044c6922c7ce55a2b25b8a8db5f0858cfcd8,0xc87d75c8ecc848ebae59821ad6be10926e937087
0x1a1e390f83962d3f0b38edb6fcfad27866204090,0x587ba560448d3681dc32e4f5b782bb3c249fe5a0
0xd5b649c7d27c13a2b80425daee8cb6023015dc6b,0x2907c3ece448f72e5399f07be87c0d39afa9b43b
0x1d019f2d14bdb81bab7ba4ec7e20868e669c32b1,0x4e3cf9f44af72eb6726921ffbf3488074e24835a
0xf4f9b60f2e588e72205bd4e214e773549925b96a,0x575de8dddce6563737dd45dab6ab6279a9326daf
0x84a57414910fbfe9f5503bfca2f1e31b6ad0981a,0x656ec473f02cf15f10a949d6e2e8d920faac2d56
0xb7425ead67182048f137dbf1ecc1de4c43c9951a,0x691e9077cb2cc75f2517d15152d09aaa58d5f9c7
0xd5b649c7d27c13a2b80425daee8cb6023015dc6b,0x374aed793f60a01aaf00385fd3a05cdccdb2799a
0x99ff7d7e98635c26bc1b5de8e8e9b385d2e1611e,0xd71a87d6c0dd1370e1080683d9c089e0195f0118
0x32978daa16153fcf5a6bfaadc9c7cb2fc51b68ab,0xfedb2ba8e7ee8f8cb73b25ccc64c6ca12ef19e47
0x06cf44fa5e40c65fc87d4f55f66125b6d849b125,0xb1c36e039fe0ca28a626125b876d732afeb78163
0xca47e7f7606666f30564e767c185e952b5e902f7,0xf2c26616a0c8aacb6d5c8b80fc2c3fd5afe1e6a6
0xa86dd95c210dd186fa7639f93e4177e97d057576,0x8991d64fe388fa79a4f7aa7826e8da09f0c3c96a
0xcd0c825106cf3067090b644652dabf298c6889ee,0x3fd857496057923812d098d28ea39ed12e808f08
0xf4f9b60f2e588e72205bd4e214e773549925b96a,0xa273aa9ed7b9678d3ffa159cab42b83fd8c92b26
0xf4f9b60f2e588e72205bd4e214e773549925b96a,0x9f68ace437f5ed66fb99b4a29afc537a6b4b1189
0x3cc835a1ac51284f2e01c23d090dbb2340ed005a,0x79c59386ab7318f7d8e65398c1e3fd59fc04d904
0x2ecb555c6906ca787b1c394f621f90b1563d4af7,0x326f8e4b635a8132a6ea18b723ca8381970367dd
0xd5b649c7d27c13a2b80425daee8cb6023015dc6b,0x874a86e9e78d123abb745cae5e97369d79d41554
0x05987dc2ba2e2745a8b7ff09012b0b9dbf71a958,0x75315d12c3b334a603286735222b3970c88a8dab
0xc9fe91c452fa3f9329e5f20c5555ecf60ec71d52,0xc890044a3e44cbb98fc12c87012a5e50e7a3ad3d
0x32978daa16153fcf5a6bfaadc9c7cb2fc51b68ab,0x75d16b1d554c0703d7138a50e99cf9c0ea61a566
0x8f2354f9464514efdae441314b8325e97bf96cdc,0x12997c5c005acc6933edd5e91d9338e7635fc0bb
0xeed247ba513a8d6f78be9318399f5ed1a4808f8e,0x27846a0f11edc3d59ea227baebdfa1330a69b9ab
0x803ae284a3c50bf7a71a16eaf6c3c6c764d2abfb,0xa86ada534a168a3418805e3e3f95d75e5b4d8202
0x487ef86eb04b842285961c3d22d6e57adfcd2226,0xef6ebc283a0752a1c57a452131d034947f249813
0xbd05e31c5dd0f623f9d427b6be6b6a6f8e6600ec,0x4b09988c3bbe57d4cb25d938b58981e086fd4c95
0x91c471053ba4697b13d62de1e850cc89ebe23633,0xe5350e8f27713f7b0739f38ae155efa1cd858f95
0xaf8984f39eb725c567123ee6a522e0a7206cc9ff,0x894901f4e6bf9c1cafbb63b66b17b947914e6781
0x96e8db21a3911a97a24c6af10f14e15d4c950054,0x62892c82e5f327c46aa9aaa0fe1557642c7e2c45
0x043263ca46230520fa2ba06a86e5c6f77464e81e,0x8bfab23c4143d7a43596abc3bed0eaad10bd44e4
0x7cc391b17a4e76f0eb96b5caef22d184708fb3b8,0xbc92c1b320751a7fd020dbe74d762c7407658a74
0xd5b649c7d27c13a2b80425daee8cb6023015dc6b,0xbc4a19345c598d73939b62371cf9891128eccb8b
0x91c471053ba4697b13d62de1e850cc89ebe23633,0x0b102bc2610b8f7716524fdc061d78d77fdcad6d
0xa86dd95c210dd186fa7639f93e4177e97d057576,0x2193c45244af12c280941281c8aa67dd08be0a64
0xc83fcbba132580649507b48ba06b5e1eb4eff4cc,0xfc71f251f5f6fc7afda26f992b67a7a7df390c9b
0x068134c0916583787320bdaf4381509e83990499,0x0ecdd9d55f03a3d626fa5734c7eecdcb3fadb737
0x60437fee4ddbda6e47955b6255e312f1ed067033,0x916b44509ccfc5238f8ce9a30beb1bf861b70779
0x537a09fd99fc7ef737d297cdeeab3b7f9602308c,0xa2b2eccd39db7cca9d8f207b284ba45ac18b8996
0xf2a2011be242576ef1f1b801ee6d3aa1fa184075,0x60d0778ef5d5aab431f7a8b4e8364e1fb638cb77
0xb7425ead67182048f137dbf1ecc1de4c43c9951a,0xe6eda15864351581588d8045aa82fd0708caa214
0x32978daa16153fcf5a6bfaadc9c7cb2fc51b68ab,0xe77777092c16a3f69cae1448be0370da6da8bbb1
0x0f390559f258eb8591c8e31cf0905e97cf36ace2,0xb1c4426c86082d91a6c097fc588e5d5d8dd1f5a8
0xbebef25702c845aadee25dcf9a63d248c8fe5dac,0xc67dccc71d3f9122abb7bfa38c6ea7120ed9bd65
0xf4f9b60f2e588e72205bd4e214e773549925b96a,0x985076a5aa9b380fe8e254ba3d799e0a8a7ecabf
0xe4585064531fc0ddac7edca41a3fc5ab92f95cc4,0x252956b42d34861b1aabd93a275a77be2f698fe9
0x8f2354f9464514efdae441314b8325e97bf96cdc,0xb4d58c1f5870efa4b05519a72851227f05743273
0x49ea2c991290ca13f57ae2b8ca98bc6140925db3,0xb88a54c70bc3a984039e0afec65a27f05812a7fb
0x44a03c14f30d49cb43b7f7e91e987ecc10cc0b09,0xa874500a5b65277682af3127bda382becc3fca02
0xd5b649c7d27c13a2b80425daee8cb6023015dc6b,0x38a0697a97fd4d65b8f1055821e3418d7c83cd1c
0x84a57414910fbfe9f5503bfca2f1e31b6ad0981a,0x549580b92fbf534277bc328bd8c12f0e9c2ba344
0x59f89fb1171eb5cb1bb22c0aed7f5d69e49fbe94,0x5466c035c4bce7ec345e334c8490e48ef785a346
0xaeae92590cda2f5e61f6007a8e083a42dc578230,0x2afeee955f88831815d6fbabf62df5cf2d2cb9fd
0x66a3e782be81c5175171b695e56ae412b6966c15,0x2d5a5306e6cd7133ae576eb5edb2128d79d11a88
0x7dc7103be6f1c93085772a566d0f7d9512ae6f79,0xf30de35f27318ce5141253d22615d02d22f9d9a2
0xc8a1466cd9f2d6401675e06b9905357f564811ba,0x2e972aee995973f1e0761fc2c36ccdd310313d73
0x49ea2c991290ca13f57ae2b8ca98bc6140925db3,0xa79f8ce76fb7cd466cfe13316cc146a328eb0a55
0x69ef8ac8a7bb4a406eca3a5f9d023814d199a565,0xda5d7b9808f3723fee80da483a8d15934b6b0bd6
0x3646bf53c17ebbe4ce5e389cd3c73bc818ff7e46,0x9f912f2d07a6f1638c101fc7fa028c6e577dc5b3
0xd5b649c7d27c13a2b80425daee8cb6023015dc6b,0x71ad16c11b13466832c2aad2319820783032e920
0x7aff90aefb8c1bce17b0a55dda037699eef73c0b,0x4b2b2eac629b7a3da2fcbc387c8bcecda5d1122b
0x5a240f1a8ae87acf6f85a991e4a1315655c4d2e6,0xefe525efb8277b99d783867a22c8805e718ce14b
0x7cc391b17a4e76f0eb96b5caef22d184708fb3b8,0x46ed64ebc5368bee06863147879ca5b76318facd
0x5ada4f2951d6bdc644605ff7241354c85ac5b7b1,0xde1ec670986326312bc705b4abc3aa18652dfbbc
0x84a57414910fbfe9f5503bfca2f1e31b6ad0981a,0x3981fb49a21a507d3d116d3898caf8d32d56581f
0xa86dd95c210dd186fa7639f93e4177e97d057576,0x9365181a7df82a1cc578eae443efd89f00dbb643
0x3cc835a1ac51284f2e01c23d090dbb2340ed005a,0x6c6a02478f07ef4f3707dd0bdeb264f976ada630
0x69ef8ac8a7bb4a406eca3a5f9d023814d199a565,0xedfb4ec7a23f5105dbc388a51fc584ff26f8c644
0x1a1e390f83962d3f0b38edb6fcfad27866204090,0x1aacb6821764e014ea1363a7d5531a0f5b047bd4
0xd5b649c7d27c13a2b80425daee8cb6023015dc6b,0x6557732b996e94e2b70d9ff8a8ded16715c01912
0x117e3f342886e18674e50ea88633f9be11273520,0x8c0ef340321ca42cc999db82d2d70181653aeb16
0x4054264c574984071d3397eac800dd09f0bd1438,0xe8bc03c283131b79b7f1bb3d310e0b89eee565a4
0xe8e5fc8c2cf1b62a2872692d00a62fb1def91e9b,0x00f1d7ae906a56afd5f3335b26c1778092a1db13
0x66a1b44fe64fc92a9251b6180bc76e4609bb0fb6,0xad3931d40abfd1b9e884f7566a73751086e484dd
0x66a1b44fe64fc92a9251b6180bc76e4609bb0fb6,0x179d6b8793ac9e087d9646cbe9335d2c499ad71e
0x7dc7103be6f1c93085772a566d0f7d9512ae6f79,0x8e4845249e74825f6332718edd8a963ba8d15102
0x88e92b4a33b94956c4c327e334b2d3aafa3d45fe,0x72c5328d9e948b929d1a57de1bd15f68fb89309b
0x69ef8ac8a7bb4a406eca3a5f9d023814d199a565,0xad80625b537adc004f0dd98ed5f35139bd787f1f
0x92a62f8c4750d7fbdf9ee1db268d18169235117b,0xe57390eb5f0dd76b545d7349845839ad6a4faee8
0xdcfd3017a59adbc4eff7492ba416a0e4170cedfb,0x2d5a5306e6cd7133ae576eb5edb2128d79d11a88
0xae56bf4b590c5a87ee88e4ef5fc5c861a2b05591,0x7eeac597701803b7aa48b2fcd819c3decddbd209
0xaa87715e858b482931eb2f6f92e504571588390b,0x8f87c9c6efe9ca6997d6fec8bc930c1fed90ccc7
0x895879b2c1fbb6ccfcd101f2d3f3c76363664f92,0xdbdf2fc3af896e18f2a9dc58883d12484202b57e
0xa86dd95c210dd186fa7639f93e4177e97d057576,0x4c9aaed3b8c443b4b634d1a189a5e25c604768de
0x7d9529ad4a50c36a544aa4aaec16e781dfa52a43,0xab9026a56573125ff906801938c56518ce303520
0x49ea2c991290ca13f57ae2b8ca98bc6140925db3,0x102517ea9340edd21afdfaa911560311feefc607
0x0319c359c828d2cd9e52a853559d76f9958cd771,0x0fa7209abce04509ad2ea20dc0daf150c64d009b
0x068134c0916583787320bdaf4381509e83990499,0xad2fb9a27fd46865bba1d2954bd0700e7428dfb7
0x2d6f21b68f8c56a86d25b4a80857c32322b2f63d,0xf4f9e5ac50dde6ce0d9a856b61d9fdc5bd32c283
0x49ea2c991290ca13f57ae2b8ca98bc6140925db3,0x323d21f18a74a91383e6074860c3d3a7f47c2f9f
0x8f2354f9464514efdae441314b8325e97bf96cdc,0xcc25dac54a1a62061b596fd3baf7d454f34c56ff
0xc8a1466cd9f2d6401675e06b9905357f564811ba,0xa160eb13d3422e979b90ee59cc17cba000ef015e
0xa22a3dad6fd8bd35ffe0ad5433ef219406ff7b51,0x3f2c11c29f31d2fa1c9eccc9570789990699f024
0x92a62f8c4750d7fbdf9ee1db268d18169235117b,0xc9c043a7f80258d492121d2f34e829eb6517eb17
0xa86dd95c210dd186fa7639f93e4177e97d057576,0xfece754d92bd956f681a941cef4632ab65710495
0x69ef8ac8a7bb4a406eca3a5f9d023814d199a565,0xb5292c1f992efabd3187ebd27b8b48080943bbb5
0x043263ca46230520fa2ba06a86e5c6f77464e81e,0x2a912500a72284eddfd07a84d64267164acd20cb
0x1813554dc1f68cf54f71449db298daf9ab75f4f3,0xa84bc6717644b43a4893e0863d60e5857d3dad11
0x0f733bdbb2b2f791bbb10d74d60f05c41ccd97f5,0xaac68053dddf699f8df4e83d0fb92bc934416758
0x49ea2c991290ca13f57ae2b8ca98bc6140925db3,0x4d7751d636f8f3492e26a80025ce7aafac0060c5
0xbebef25702c845aadee25dcf9a63d248c8fe5dac,0x922051c6d15f1780246930abbeb1cf16a8e2adfa
0x5a240f1a8ae87acf6f85a991e4a1315655c4d2e6,0xb97d1dd473f99e0348f2f47174fd45532ab9f5c1
0x05c1f71d81846fddd9842eabb8d6286bdc1b812a,0x7b2218bd33cdb3ad89fe1481b611b55846a64391
0xd3a8ed9cf0ef1bd677c6ae7a2178837bed35aebd,0xe728c318a6fd3b605726e810c2c542fd8056708c
0xdbfd8efe61d2874058e1c939d1d4092037bc7291,0xab233bba3b2fe6926821aafaffc55761360965db
0xb33424088dfc99d69a3497808dc4992e3da96461,0xc2ded40e693a6b868b456b4343091f279c5bd39c
0xb7425ead67182048f137dbf1ecc1de4c43c9951a,0x6d80fb152d3b2544c18c832a674d8f0361cdde00
0xdcfd3017a59adbc4eff7492ba416a0e4170cedfb,0x01c7068ea92d3da2a1dad145c96c0f9398be93f2
0x88e92b4a33b94956c4c327e334b2d3aafa3d45fe,0x6f32eca0dfea7fa8fe105ae75d20a7b6d833bf83
0x60437fee4ddbda6e47955b6255e312f1ed067033,0x3effa48cb7c65399676d49f4b08696151f2446cc
0x5e83ca7924e57b15d48afea3499c953be23657db,0x6acdeb20f2e0a4d839b99efaa587cc3a4ce54182